order_id,order_date,customer_id,payment_method,shipping_cost
ORD-11121,2023-01-02,C00001,Cash on Delivery,9.31
ORD-11244,2023-01-02,C00002,Cash on Delivery,14.31
ORD-10325,2023-01-03,C00003,Credit Card,8.12
ORD-10467,2023-01-03,C00004,PayPal,10.79
ORD-11454,2023-01-05,C00005,Credit Card,11.09
ORD-11746,2023-01-05,C00006,PayPal,5.88
ORD-11162,2023-01-06,C00007,PayPal,6.59
ORD-11271,2023-01-06,C00008,Bank Transfer,14.38
ORD-11702,2023-01-06,C00009,Bank Transfer,11.92
ORD-10847,2023-01-07,C00010,Credit Card,12.03
ORD-10446,2023-01-08,C00011,Credit Card,14.25
ORD-11499,2023-01-08,C00012,Cash on Delivery,12.61
ORD-10271,2023-01-09,C00013,Credit Card,8.11
ORD-11356,2023-01-12,C00014,Credit Card,11.42
ORD-10793,2023-01-13,C00015,PayPal,9.16
ORD-11330,2023-01-13,C00016,PayPal,13.39
ORD-11886,2023-01-13,C00017,Cash on Delivery,14.74
ORD-10339,2023-01-14,C00018,Cash on Delivery,13.59
ORD-10402,2023-01-14,C00019,Credit Card,10.22
ORD-10560,2023-01-14,C00020,PayPal,8.93
ORD-10686,2023-01-15,C00021,Cash on Delivery,20.73
ORD-11718,2023-01-15,C00022,Credit Card,14.83
ORD-10736,2023-01-17,C00023,PayPal,7.55
ORD-10846,2023-01-17,C00024,Bank Transfer,15.26
ORD-11128,2023-01-18,C00025,Credit Card,9.02
ORD-10279,2023-01-20,C00026,Bank Transfer,18.26
ORD-10344,2023-01-20,C00027,Cash on Delivery,11.0
ORD-10589,2023-01-20,C00028,PayPal,18.53
ORD-11029,2023-01-20,C00029,Cash on Delivery,16.01
ORD-11026,2023-01-22,C00030,Credit Card,14.67
ORD-10968,2023-01-23,C00031,Credit Card,12.28
ORD-11723,2023-01-23,C00032,Credit Card,7.97
ORD-10408,2023-01-24,C00033,Credit Card,9.3
ORD-11828,2023-01-24,C00034,PayPal,13.88
ORD-11035,2023-01-25,C00035,PayPal,21.9
ORD-10599,2023-01-26,C00036,PayPal,6.21
ORD-10780,2023-01-27,C00037,Cash on Delivery,14.72
ORD-10636,2023-01-28,C00038,Credit Card,17.7
ORD-10694,2023-01-28,C00039,Credit Card,9.38
ORD-10711,2023-01-28,C00040,PayPal,18.89
ORD-10383,2023-01-29,C00041,Credit Card,11.58
ORD-10435,2023-01-30,C00042,Bank Transfer,8.4
ORD-10017,2023-01-31,C00043,Credit Card,12.91
ORD-11220,2023-01-31,C00044,PayPal,8.52
ORD-11237,2023-01-31,C00045,Credit Card,12.2
ORD-11655,2023-01-31,C00046,Credit Card,12.7
ORD-11858,2023-01-31,C00047,Credit Card,17.04
ORD-10787,2023-02-01,C00048,Bank Transfer,8.61
ORD-10950,2023-02-02,C00049,PayPal,10.11
ORD-10374,2023-02-03,C00050,Bank Transfer,23.56
ORD-10745,2023-02-03,C00051,Credit Card,10.28
ORD-11670,2023-02-03,C00052,Bank Transfer,10.85
ORD-11158,2023-02-04,C00053,Cash on Delivery,24.19
ORD-11430,2023-02-04,C00054,Bank Transfer,11.84
ORD-11760,2023-02-04,C00055,Cash on Delivery,19.84
ORD-10720,2023-02-05,C00056,Cash on Delivery,9.2
ORD-11218,2023-02-05,C00057,Credit Card,17.36
ORD-10384,2023-02-07,C00058,PayPal,11.08
ORD-11503,2023-02-07,C00059,PayPal,10.89
ORD-11711,2023-02-07,C00060,PayPal,6.86
ORD-10098,2023-02-08,C00061,Credit Card,13.01
ORD-10314,2023-02-08,C00062,Credit Card,11.87
ORD-10322,2023-02-08,C00063,PayPal,10.44
ORD-11507,2023-02-09,C00064,Bank Transfer,7.9
ORD-11683,2023-02-09,C00065,PayPal,23.14
ORD-10642,2023-02-10,C00066,Bank Transfer,16.44
ORD-11011,2023-02-10,C00067,Bank Transfer,11.8
ORD-11270,2023-02-10,C00068,Credit Card,24.38
ORD-11659,2023-02-10,C00069,Credit Card,12.68
ORD-10256,2023-02-11,C00070,Cash on Delivery,7.09
ORD-10527,2023-02-12,C00071,Bank Transfer,18.17
ORD-11082,2023-02-12,C00072,PayPal,10.06
ORD-10473,2023-02-15,C00073,Credit Card,8.58
ORD-11304,2023-02-15,C00074,Cash on Delivery,22.05
ORD-11560,2023-02-16,C00075,PayPal,12.32
ORD-11196,2023-02-17,C00076,Bank Transfer,8.3
ORD-11355,2023-02-17,C00077,Credit Card,11.03
ORD-11569,2023-02-17,C00078,Credit Card,17.7
ORD-10916,2023-02-18,C00079,Credit Card,13.08
ORD-10837,2023-02-19,C00080,Credit Card,15.03
ORD-10855,2023-02-19,C00081,PayPal,11.28
ORD-11065,2023-02-19,C00082,Cash on Delivery,10.6
ORD-11922,2023-02-20,C00083,Cash on Delivery,7.53
ORD-10594,2023-02-21,C00084,Credit Card,14.27
ORD-11419,2023-02-21,C00085,PayPal,17.34
ORD-11624,2023-02-21,C00086,PayPal,19.09
ORD-11855,2023-02-21,C00087,PayPal,9.94
ORD-10843,2023-02-22,C00088,Cash on Delivery,7.82
ORD-11306,2023-02-22,C00089,Credit Card,10.44
ORD-10392,2023-02-23,C00090,Credit Card,8.85
ORD-11302,2023-02-23,C00091,Credit Card,12.03
ORD-11205,2023-02-24,C00092,PayPal,12.59
ORD-10892,2023-02-25,C00093,Bank Transfer,10.44
ORD-11175,2023-02-25,C00094,Bank Transfer,10.63
ORD-11598,2023-02-26,C00095,PayPal,12.43
ORD-10113,2023-02-27,C00096,PayPal,7.16
ORD-10646,2023-02-27,C00097,PayPal,18.95
ORD-11378,2023-02-27,C00098,Credit Card,31.26
ORD-11900,2023-02-27,C00099,Credit Card,6.27
ORD-11523,2023-03-01,C00100,Cash on Delivery,10.07
ORD-10233,2023-03-02,C00101,Credit Card,11.27
ORD-10605,2023-03-02,C00102,Credit Card,15.44
ORD-10907,2023-03-02,C00103,Cash on Delivery,8.09
ORD-11202,2023-03-02,C00104,Credit Card,7.35
ORD-11294,2023-03-02,C00105,PayPal,12.6
ORD-11673,2023-03-02,C00106,PayPal,13.72
ORD-11217,2023-03-04,C00107,Credit Card,18.86
ORD-10246,2023-03-05,C00108,Credit Card,9.91
ORD-11135,2023-03-06,C00109,Bank Transfer,10.88
ORD-10620,2023-03-07,C00110,Credit Card,10.07
ORD-11279,2023-03-07,C00111,Bank Transfer,18.97
ORD-10124,2023-03-08,C00112,Credit Card,14.79
ORD-10242,2023-03-08,C00113,Bank Transfer,9.34
ORD-10915,2023-03-08,C00114,Credit Card,18.01
ORD-11632,2023-03-08,C00115,Credit Card,12.41
ORD-11184,2023-03-09,C00116,Bank Transfer,14.32
ORD-10874,2023-03-10,C00117,Cash on Delivery,12.0
ORD-11668,2023-03-10,C00118,Credit Card,14.93
ORD-11260,2023-03-11,C00119,Cash on Delivery,8.11
ORD-10953,2023-03-12,C00120,Credit Card,10.1
ORD-10521,2023-03-13,C00121,Credit Card,17.03
ORD-11545,2023-03-13,C00122,PayPal,15.46
ORD-10070,2023-03-15,C00123,PayPal,14.48
ORD-11006,2023-03-15,C00124,Credit Card,8.77
ORD-10744,2023-03-16,C00125,Credit Card,14.66
ORD-10861,2023-03-16,C00126,PayPal,12.25
ORD-10676,2023-03-17,C00127,Credit Card,14.65
ORD-11064,2023-03-18,C00128,Cash on Delivery,10.81
ORD-11786,2023-03-18,C00129,PayPal,9.35
ORD-10637,2023-03-19,C00130,Bank Transfer,8.57
ORD-10863,2023-03-21,C00131,Credit Card,17.49
ORD-11917,2023-03-22,C00132,Bank Transfer,7.22
ORD-10020,2023-03-23,C00133,Credit Card,14.68
ORD-11090,2023-03-23,C00134,PayPal,35.07
ORD-11712,2023-03-23,C00135,Bank Transfer,19.78
ORD-10887,2023-03-24,C00136,PayPal,12.31
ORD-11156,2023-03-25,C00137,Cash on Delivery,6.27
ORD-11633,2023-03-25,C00138,Credit Card,29.96
ORD-10103,2023-03-26,C00139,Credit Card,8.87
ORD-10132,2023-03-26,C00140,PayPal,14.61
ORD-11007,2023-03-26,C00141,Credit Card,11.11
ORD-10395,2023-03-27,C00142,PayPal,19.15
ORD-11318,2023-03-27,C00143,Credit Card,9.08
ORD-10252,2023-03-29,C00144,Credit Card,21.14
ORD-10450,2023-03-29,C00145,PayPal,8.19
ORD-11088,2023-03-29,C00146,Bank Transfer,12.0
ORD-11452,2023-03-29,C00147,Credit Card,5.95
ORD-11478,2023-03-29,C00148,Credit Card,10.18
ORD-11231,2023-03-30,C00149,Bank Transfer,8.86
ORD-11479,2023-03-31,C00150,Cash on Delivery,9.67
ORD-10821,2023-04-01,C00151,PayPal,9.22
ORD-11766,2023-04-01,C00152,PayPal,7.34
ORD-11000,2023-04-02,C00153,Bank Transfer,12.14
ORD-11002,2023-04-02,C00154,PayPal,15.38
ORD-11631,2023-04-02,C00155,Credit Card,14.56
ORD-11784,2023-04-02,C00156,Cash on Delivery,11.63
ORD-10578,2023-04-03,C00157,Credit Card,8.56
ORD-10306,2023-04-04,C00158,PayPal,10.62
ORD-10532,2023-04-04,C00159,Cash on Delivery,12.48
ORD-10903,2023-04-04,C00160,PayPal,6.07
ORD-11253,2023-04-04,C00161,Credit Card,17.72
ORD-11610,2023-04-04,C00162,Bank Transfer,5.81
ORD-10071,2023-04-05,C00163,PayPal,8.12
ORD-10207,2023-04-05,C00164,Cash on Delivery,20.3
ORD-11995,2023-04-05,C00165,PayPal,12.32
ORD-10176,2023-04-06,C00166,Credit Card,16.07
ORD-11066,2023-04-07,C00167,PayPal,9.48
ORD-11988,2023-04-07,C00168,Credit Card,12.48
ORD-10274,2023-04-09,C00169,Credit Card,10.9
ORD-10840,2023-04-09,C00170,Credit Card,11.87
ORD-11333,2023-04-09,C00171,PayPal,13.12
ORD-11079,2023-04-10,C00172,Credit Card,12.26
ORD-11868,2023-04-10,C00173,PayPal,6.48
ORD-11664,2023-04-13,C00174,PayPal,9.82
ORD-11912,2023-04-13,C00175,Credit Card,18.26
ORD-11921,2023-04-14,C00176,PayPal,13.77
ORD-10551,2023-04-15,C00177,Bank Transfer,19.79
ORD-10091,2023-04-16,C00178,PayPal,9.81
ORD-10434,2023-04-16,C00179,PayPal,11.66
ORD-11552,2023-04-16,C00180,PayPal,6.86
ORD-10330,2023-04-17,C00181,Credit Card,17.2
ORD-10769,2023-04-18,C00182,PayPal,21.43
ORD-10427,2023-04-19,C00183,Credit Card,9.46
ORD-11810,2023-04-19,C00184,PayPal,12.36
ORD-11212,2023-04-20,C00185,Credit Card,11.38
ORD-10667,2023-04-21,C00186,Credit Card,10.89
ORD-11292,2023-04-21,C00187,Cash on Delivery,17.75
ORD-11731,2023-04-21,C00188,Credit Card,7.21
ORD-11224,2023-04-22,C00189,PayPal,18.2
ORD-10468,2023-04-23,C00190,Credit Card,10.74
ORD-11700,2023-04-24,C00191,PayPal,8.47
ORD-10377,2023-04-25,C00192,Cash on Delivery,22.41
ORD-11553,2023-04-25,C00193,Credit Card,11.08
ORD-11888,2023-04-25,C00194,Bank Transfer,12.2
ORD-10102,2023-04-26,C00195,Credit Card,13.33
ORD-11008,2023-04-26,C00196,Credit Card,10.26
ORD-11204,2023-04-29,C00197,Credit Card,11.04
ORD-10826,2023-04-30,C00198,Credit Card,11.51
ORD-11363,2023-05-01,C00199,Bank Transfer,6.43
ORD-10202,2023-05-02,C00200,Credit Card,14.72
ORD-10462,2023-05-03,C00201,Cash on Delivery,8.56
ORD-11586,2023-05-04,C00202,Credit Card,13.23
ORD-10703,2023-05-05,C00203,Cash on Delivery,9.48
ORD-10828,2023-05-05,C00204,PayPal,11.2
ORD-10652,2023-05-06,C00205,Bank Transfer,13.61
ORD-11385,2023-05-06,C00206,Cash on Delivery,6.12
ORD-11895,2023-05-06,C00207,Credit Card,6.3
ORD-10143,2023-05-08,C00208,Credit Card,12.1
ORD-10853,2023-05-10,C00209,Credit Card,13.53
ORD-10452,2023-05-11,C00210,Credit Card,8.88
ORD-11484,2023-05-11,C00211,Bank Transfer,7.18
ORD-10623,2023-05-12,C00212,PayPal,16.78
ORD-11458,2023-05-12,C00213,Credit Card,8.23
ORD-10609,2023-05-13,C00214,PayPal,14.99
ORD-11288,2023-05-13,C00215,Credit Card,29.26
ORD-10607,2023-05-14,C00216,PayPal,11.25
ORD-10105,2023-05-15,C00217,Cash on Delivery,12.63
ORD-11298,2023-05-15,C00218,Credit Card,13.46
ORD-11682,2023-05-15,C00219,PayPal,6.6
ORD-10411,2023-05-16,C00220,Credit Card,10.14
ORD-11776,2023-05-16,C00221,PayPal,8.31
ORD-11788,2023-05-16,C00222,Credit Card,14.54
ORD-11227,2023-05-17,C00223,Cash on Delivery,18.23
ORD-10941,2023-05-18,C00224,PayPal,7.45
ORD-11045,2023-05-18,C00225,Credit Card,15.39
ORD-11149,2023-05-18,C00226,PayPal,21.92
ORD-11329,2023-05-18,C00227,Cash on Delivery,10.37
ORD-11394,2023-05-18,C00228,Credit Card,12.46
ORD-11435,2023-05-18,C00229,PayPal,9.07
ORD-10336,2023-05-19,C00230,PayPal,9.41
ORD-11513,2023-05-20,C00231,PayPal,17.2
ORD-11762,2023-05-22,C00232,PayPal,19.74
ORD-10562,2023-05-23,C00233,Credit Card,11.43
ORD-10710,2023-05-23,C00234,PayPal,14.6
ORD-11740,2023-05-25,C00235,Bank Transfer,10.87
ORD-10422,2023-05-26,C00236,Credit Card,7.96
ORD-11834,2023-05-29,C00237,Credit Card,11.38
ORD-10942,2023-05-30,C00238,Credit Card,16.47
ORD-10129,2023-06-01,C00239,Credit Card,17.46
ORD-10722,2023-06-01,C00240,Credit Card,7.66
ORD-10845,2023-06-01,C00241,PayPal,8.91
ORD-10937,2023-06-01,C00242,PayPal,16.54
ORD-11401,2023-06-01,C00243,Cash on Delivery,10.66
ORD-10069,2023-06-03,C00244,Cash on Delivery,15.81
ORD-10025,2023-06-04,C00245,Credit Card,13.78
ORD-11268,2023-06-04,C00246,Credit Card,8.15
ORD-11962,2023-06-04,C00247,Credit Card,9.18
ORD-10979,2023-06-05,C00248,Credit Card,22.64
ORD-10816,2023-06-06,C00249,Credit Card,10.81
ORD-11468,2023-06-06,C00250,Cash on Delivery,10.56
ORD-11539,2023-06-06,C00251,Cash on Delivery,13.59
ORD-11609,2023-06-06,C00252,PayPal,12.24
ORD-11707,2023-06-06,C00253,PayPal,14.01
ORD-10177,2023-06-07,C00254,Credit Card,24.76
ORD-10817,2023-06-07,C00255,Cash on Delivery,16.18
ORD-11080,2023-06-07,C00256,Credit Card,8.62
ORD-10376,2023-06-08,C00257,Cash on Delivery,18.91
ORD-10726,2023-06-08,C00258,Credit Card,14.04
ORD-11103,2023-06-08,C00259,Credit Card,7.41
ORD-10727,2023-06-09,C00260,PayPal,6.26
ORD-10772,2023-06-09,C00261,Credit Card,13.14
ORD-11060,2023-06-09,C00262,Cash on Delivery,20.57
ORD-11322,2023-06-10,C00263,Credit Card,9.83
ORD-10146,2023-06-11,C00264,Credit Card,15.78
ORD-11048,2023-06-11,C00265,Credit Card,11.78
ORD-11155,2023-06-11,C00266,Credit Card,16.63
ORD-11376,2023-06-11,C00267,Cash on Delivery,16.03
ORD-11535,2023-06-11,C00268,Credit Card,9.75
ORD-10114,2023-06-12,C00269,Credit Card,11.67
ORD-11031,2023-06-12,C00270,Bank Transfer,13.94
ORD-11133,2023-06-12,C00271,Credit Card,38.18
ORD-10349,2023-06-13,C00272,Credit Card,6.6
ORD-11733,2023-06-13,C00273,Credit Card,10.96
ORD-10358,2023-06-14,C00274,Credit Card,16.2
ORD-11932,2023-06-14,C00275,Credit Card,8.22
ORD-10042,2023-06-17,C00276,Cash on Delivery,16.74
ORD-10569,2023-06-17,C00277,PayPal,10.72
ORD-11665,2023-06-18,C00278,Cash on Delivery,20.31
ORD-10876,2023-06-19,C00279,PayPal,13.78
ORD-11258,2023-06-19,C00280,Credit Card,10.51
ORD-11375,2023-06-19,C00281,Cash on Delivery,12.26
ORD-10546,2023-06-20,C00282,Bank Transfer,16.6
ORD-10860,2023-06-21,C00283,Credit Card,13.06
ORD-11307,2023-06-22,C00284,PayPal,13.33
ORD-10182,2023-06-23,C00142,Credit Card,14.23
ORD-10674,2023-06-23,C00285,PayPal,35.54
ORD-11336,2023-06-23,C00286,Bank Transfer,10.78
ORD-10712,2023-06-24,C00287,PayPal,16.8
ORD-10788,2023-06-26,C00288,Credit Card,11.66
ORD-10212,2023-06-27,C00289,Credit Card,14.28
ORD-11068,2023-06-27,C00290,Cash on Delivery,11.01
ORD-11653,2023-06-27,C00291,Cash on Delivery,13.43
ORD-11771,2023-06-27,C00292,Credit Card,18.91
ORD-10480,2023-06-28,C00293,Cash on Delivery,11.77
ORD-10700,2023-06-28,C00294,Cash on Delivery,12.31
ORD-10661,2023-06-29,C00295,Credit Card,11.59
ORD-10747,2023-06-29,C00296,Bank Transfer,9.71
ORD-10432,2023-07-01,C00297,Cash on Delivery,12.18
ORD-10483,2023-07-01,C00298,Credit Card,15.03
ORD-10792,2023-07-01,C00299,PayPal,15.23
ORD-11387,2023-07-01,C00300,PayPal,12.06
ORD-11564,2023-07-01,C00301,Credit Card,9.9
ORD-10381,2023-07-03,C00302,Credit Card,12.38
ORD-11603,2023-07-03,C00303,Credit Card,19.94
ORD-11019,2023-07-04,C00304,Credit Card,13.18
ORD-10977,2023-07-05,C00305,Cash on Delivery,8.62
ORD-10008,2023-07-06,C00306,Credit Card,6.69
ORD-11100,2023-07-06,C00307,Bank Transfer,6.38
ORD-11464,2023-07-06,C00308,Credit Card,11.42
ORD-11562,2023-07-06,C00309,PayPal,7.14
ORD-10083,2023-07-07,C00310,Bank Transfer,12.48
ORD-10112,2023-07-07,C00311,Credit Card,16.31
ORD-11077,2023-07-08,C00312,Credit Card,19.34
ORD-10003,2023-07-09,C00313,PayPal,14.88
ORD-10024,2023-07-09,C00314,Credit Card,14.92
ORD-10404,2023-07-10,C00315,PayPal,9.71
ORD-11154,2023-07-10,C00316,Credit Card,9.14
ORD-11859,2023-07-10,C00317,Credit Card,6.6
ORD-10107,2023-07-11,C00318,Credit Card,11.4
ORD-11182,2023-07-11,C00319,Bank Transfer,13.89
ORD-11380,2023-07-12,C00320,Credit Card,11.36
ORD-10015,2023-07-13,C00321,PayPal,12.22
ORD-10545,2023-07-13,C00322,Credit Card,11.07
ORD-10961,2023-07-13,C00323,Credit Card,10.75
ORD-10511,2023-07-14,C00324,Bank Transfer,13.6
ORD-11806,2023-07-14,C00325,Bank Transfer,12.1
ORD-10283,2023-07-15,C00326,Bank Transfer,10.19
ORD-10625,2023-07-15,C00327,Credit Card,21.29
ORD-11098,2023-07-16,C00328,Credit Card,10.64
ORD-11395,2023-07-16,C00329,PayPal,10.04
ORD-10090,2023-07-17,C00330,Credit Card,9.87
ORD-10904,2023-07-18,C00331,PayPal,10.96
ORD-10266,2023-07-19,C00332,Cash on Delivery,16.18
ORD-10424,2023-07-19,C00333,PayPal,10.74
ORD-11061,2023-07-19,C00334,Credit Card,21.46
ORD-11808,2023-07-19,C00335,PayPal,7.32
ORD-10326,2023-07-20,C00336,Cash on Delivery,8.07
ORD-11349,2023-07-20,C00337,Cash on Delivery,36.04
ORD-10681,2023-07-22,C00338,PayPal,15.56
ORD-10996,2023-07-22,C00339,PayPal,13.3
ORD-11167,2023-07-22,C00340,Cash on Delivery,15.17
ORD-11391,2023-07-22,C00341,Bank Transfer,11.32
ORD-10949,2023-07-24,C00342,Cash on Delivery,13.2
ORD-11494,2023-07-25,C00343,Cash on Delivery,11.71
ORD-10240,2023-07-26,C00344,Cash on Delivery,12.08
ORD-10945,2023-07-26,C00345,Credit Card,6.2
ORD-11589,2023-07-27,C00346,PayPal,12.56
ORD-11824,2023-07-27,C00347,PayPal,14.96
ORD-10045,2023-07-28,C00348,Bank Transfer,18.4
ORD-11229,2023-07-28,C00349,PayPal,10.98
ORD-11934,2023-07-28,C00350,PayPal,6.28
ORD-10001,2023-07-29,C00351,PayPal,6.87
ORD-11199,2023-07-29,C00352,Credit Card,11.24
ORD-11680,2023-07-30,C00353,Bank Transfer,13.35
ORD-10755,2023-07-31,C00354,Credit Card,9.86
ORD-11247,2023-07-31,C00355,Bank Transfer,14.49
ORD-10225,2023-08-01,C00356,Credit Card,14.85
ORD-10281,2023-08-01,C00357,Bank Transfer,15.17
ORD-10980,2023-08-01,C00358,Bank Transfer,14.5
ORD-11339,2023-08-01,C00359,PayPal,8.9
ORD-10459,2023-08-02,C00360,Cash on Delivery,12.66
ORD-10885,2023-08-03,C00361,Credit Card,11.92
ORD-10680,2023-08-04,C00362,PayPal,20.71
ORD-11530,2023-08-04,C00363,PayPal,13.7
ORD-11642,2023-08-04,C00364,Credit Card,7.84
ORD-10228,2023-08-05,C00365,PayPal,11.04
ORD-10254,2023-08-05,C00366,Credit Card,24.79
ORD-10418,2023-08-05,C00367,Bank Transfer,11.69
ORD-10842,2023-08-06,C00368,Credit Card,12.01
ORD-11769,2023-08-06,C00369,Credit Card,22.42
ORD-11929,2023-08-06,C00370,PayPal,12.44
ORD-11501,2023-08-07,C00371,Bank Transfer,10.4
ORD-10363,2023-08-08,C00372,Cash on Delivery,8.58
ORD-10496,2023-08-08,C00373,Bank Transfer,7.63
ORD-11960,2023-08-08,C00374,PayPal,14.12
ORD-10838,2023-08-09,C00375,PayPal,25.57
ORD-11909,2023-08-10,C00376,Credit Card,16.05
ORD-10030,2023-08-11,C00377,Credit Card,13.05
ORD-11169,2023-08-11,C00378,PayPal,15.79
ORD-11178,2023-08-11,C00379,Cash on Delivery,10.56
ORD-10651,2023-08-12,C00380,Credit Card,9.63
ORD-10737,2023-08-12,C00381,Credit Card,16.19
ORD-10952,2023-08-13,C00382,Credit Card,13.64
ORD-11481,2023-08-13,C00383,Credit Card,6.11
ORD-10852,2023-08-14,C00384,Credit Card,7.4
ORD-11667,2023-08-14,C00385,PayPal,9.18
ORD-10277,2023-08-15,C00386,Credit Card,6.95
ORD-10356,2023-08-15,C00387,Credit Card,9.57
ORD-10367,2023-08-15,C00388,Credit Card,12.06
ORD-10558,2023-08-16,C00389,PayPal,19.75
ORD-11332,2023-08-16,C00390,Credit Card,7.27
ORD-11526,2023-08-16,C00391,PayPal,11.43
ORD-11846,2023-08-16,C00392,Cash on Delivery,14.84
ORD-10917,2023-08-17,C00393,Credit Card,9.18
ORD-11070,2023-08-18,C00394,PayPal,7.37
ORD-11557,2023-08-18,C00395,Bank Transfer,10.91
ORD-10783,2023-08-19,C00396,PayPal,13.21
ORD-10954,2023-08-19,C00397,PayPal,9.61
ORD-11085,2023-08-19,C00398,Cash on Delivery,7.77
ORD-11684,2023-08-19,C00399,Credit Card,6.28
ORD-10820,2023-08-22,C00400,Credit Card,16.29
ORD-11293,2023-08-22,C00401,PayPal,15.44
ORD-11529,2023-08-22,C00402,Credit Card,25.93
ORD-10009,2023-08-23,C00403,Credit Card,14.44
ORD-10301,2023-08-23,C00404,Credit Card,13.95
ORD-10738,2023-08-23,C00405,PayPal,15.34
ORD-11681,2023-08-23,C00406,Credit Card,12.79
ORD-11234,2023-08-24,C00407,PayPal,27.48
ORD-10023,2023-08-25,C00408,PayPal,13.37
ORD-11515,2023-08-25,C00409,Cash on Delivery,9.44
ORD-11537,2023-08-25,C00410,Bank Transfer,21.38
ORD-10550,2023-08-27,C00411,PayPal,8.08
ORD-10927,2023-08-27,C00412,PayPal,9.42
ORD-11657,2023-08-27,C00413,Credit Card,14.83
ORD-10201,2023-08-29,C00414,PayPal,22.11
ORD-10457,2023-08-29,C00415,PayPal,18.09
ORD-10219,2023-08-30,C00416,Cash on Delivery,11.05
ORD-10571,2023-08-30,C00417,Cash on Delivery,13.19
ORD-10688,2023-08-30,C00418,Credit Card,10.64
ORD-11628,2023-08-30,C00419,PayPal,6.63
ORD-10153,2023-08-31,C00420,Credit Card,14.72
ORD-10320,2023-08-31,C00421,Credit Card,10.83
ORD-11328,2023-08-31,C00422,PayPal,19.14
ORD-11379,2023-08-31,C00423,PayPal,5.59
ORD-11780,2023-08-31,C00424,Credit Card,15.83
ORD-11483,2023-09-01,C00425,Cash on Delivery,10.13
ORD-11717,2023-09-02,C00426,Credit Card,30.98
ORD-11161,2023-09-03,C00427,Bank Transfer,6.99
ORD-11422,2023-09-03,C00428,Cash on Delivery,14.47
ORD-11685,2023-09-03,C00429,Credit Card,9.53
ORD-10341,2023-09-04,C00430,Credit Card,10.26
ORD-10872,2023-09-04,C00431,Bank Transfer,11.21
ORD-11441,2023-09-05,C00432,Cash on Delivery,11.28
ORD-11906,2023-09-05,C00433,PayPal,9.92
ORD-10447,2023-09-06,C00434,PayPal,13.99
ORD-11532,2023-09-06,C00435,Credit Card,7.22
ORD-11533,2023-09-06,C00436,Bank Transfer,13.15
ORD-11601,2023-09-06,C00437,Credit Card,12.53
ORD-11867,2023-09-06,C00438,Credit Card,7.38
ORD-11030,2023-09-07,C00439,Cash on Delivery,12.42
ORD-11191,2023-09-08,C00440,Credit Card,6.56
ORD-11520,2023-09-08,C00441,Credit Card,11.93
ORD-11840,2023-09-08,C00442,Credit Card,13.27
ORD-10500,2023-09-09,C00443,Credit Card,14.33
ORD-11461,2023-09-09,C00444,PayPal,7.75
ORD-10713,2023-09-10,C00445,Credit Card,9.35
ORD-10908,2023-09-10,C00446,Bank Transfer,9.23
ORD-11544,2023-09-10,C00447,Cash on Delivery,31.2
ORD-10399,2023-09-11,C00448,Cash on Delivery,10.95
ORD-10576,2023-09-11,C00449,PayPal,11.42
ORD-11991,2023-09-11,C00450,Credit Card,9.79
ORD-11518,2023-09-13,C00451,PayPal,9.9
ORD-11795,2023-09-14,C00452,Credit Card,33.58
ORD-11323,2023-09-15,C00453,Credit Card,12.94
ORD-10752,2023-09-16,C00454,PayPal,11.12
ORD-11390,2023-09-16,C00455,Bank Transfer,11.76
ORD-11884,2023-09-16,C00456,Bank Transfer,6.98
ORD-11239,2023-09-17,C00457,Credit Card,14.42
ORD-11890,2023-09-17,C00458,Credit Card,22.4
ORD-11911,2023-09-18,C00459,PayPal,12.81
ORD-10321,2023-09-19,C00460,Credit Card,7.38
ORD-10600,2023-09-19,C00461,PayPal,15.67
ORD-10955,2023-09-20,C00462,Bank Transfer,16.82
ORD-10891,2023-09-21,C00463,Cash on Delivery,13.7
ORD-10920,2023-09-21,C00464,PayPal,13.4
ORD-10984,2023-09-21,C00465,Credit Card,16.46
ORD-10128,2023-09-23,C00466,PayPal,9.91
ORD-10298,2023-09-24,C00467,Cash on Delivery,6.74
ORD-10442,2023-09-24,C00468,Credit Card,5.87
ORD-10231,2023-09-25,C00469,Credit Card,17.66
ORD-11813,2023-09-25,C00470,PayPal,11.38
ORD-10063,2023-09-26,C00471,Bank Transfer,10.28
ORD-10343,2023-09-26,C00472,Cash on Delivery,13.44
ORD-10554,2023-09-26,C00473,Bank Transfer,20.82
ORD-11643,2023-09-26,C00474,PayPal,8.76
ORD-10085,2023-09-27,C00475,PayPal,9.75
ORD-10210,2023-09-28,C00476,Cash on Delivery,16.63
ORD-11745,2023-09-28,C00477,Credit Card,17.25
ORD-10574,2023-09-29,C00478,Bank Transfer,10.99
ORD-10881,2023-09-29,C00479,Credit Card,10.13
ORD-10926,2023-09-29,C00480,Credit Card,10.45
ORD-11699,2023-09-29,C00481,Credit Card,16.07
ORD-10635,2023-09-30,C00482,Cash on Delivery,11.14
ORD-10137,2023-10-02,C00483,Credit Card,14.28
ORD-10196,2023-10-02,C00484,PayPal,12.52
ORD-11561,2023-10-02,C00485,Credit Card,11.45
ORD-10421,2023-10-03,C00486,PayPal,10.3
ORD-11651,2023-10-03,C00487,Cash on Delivery,22.07
ORD-10380,2023-10-04,C00488,Bank Transfer,15.93
ORD-11181,2023-10-04,C00489,PayPal,12.32
ORD-11321,2023-10-04,C00490,PayPal,9.89
ORD-11763,2023-10-04,C00491,PayPal,14.68
ORD-10203,2023-10-05,C00492,Cash on Delivery,19.8
ORD-10398,2023-10-05,C00493,Credit Card,6.93
ORD-10997,2023-10-05,C00494,PayPal,10.02
ORD-11396,2023-10-05,C00495,PayPal,12.47
ORD-11837,2023-10-05,C00496,Bank Transfer,11.54
ORD-10525,2023-10-06,C00497,PayPal,10.63
ORD-11453,2023-10-07,C00498,PayPal,17.69
ORD-10489,2023-10-08,C00499,Credit Card,12.65
ORD-10750,2023-10-08,C00500,Cash on Delivery,17.25
ORD-10844,2023-10-08,C00501,Credit Card,11.72
ORD-11226,2023-10-08,C00502,PayPal,19.75
ORD-11512,2023-10-08,C00503,Credit Card,7.3
ORD-10606,2023-10-09,C00504,Credit Card,11.24
ORD-11091,2023-10-09,C00505,Credit Card,26.06
ORD-10561,2023-10-10,C00506,PayPal,17.73
ORD-11357,2023-10-10,C00507,Bank Transfer,16.23
ORD-11358,2023-10-10,C00508,Credit Card,13.57
ORD-11575,2023-10-10,C00509,PayPal,7.73
ORD-11946,2023-10-10,C00510,Credit Card,6.89
ORD-10791,2023-10-11,C00511,PayPal,15.83
ORD-11272,2023-10-11,C00512,PayPal,8.67
ORD-11885,2023-10-11,C00513,Credit Card,7.48
ORD-11093,2023-10-13,C00514,Credit Card,13.42
ORD-10455,2023-10-14,C00515,PayPal,15.09
ORD-10568,2023-10-14,C00516,Bank Transfer,9.89
ORD-11137,2023-10-15,C00517,Credit Card,8.72
ORD-10417,2023-10-17,C00518,PayPal,9.28
ORD-11216,2023-10-17,C00519,PayPal,14.95
ORD-11974,2023-10-17,C00520,Bank Transfer,9.61
ORD-11062,2023-10-18,C00521,Cash on Delivery,19.34
ORD-11417,2023-10-18,C00522,Credit Card,18.1
ORD-11812,2023-10-18,C00523,Credit Card,10.54
ORD-10007,2023-10-20,C00524,PayPal,15.07
ORD-10211,2023-10-20,C00525,PayPal,16.78
ORD-11210,2023-10-20,C00526,Credit Card,8.46
ORD-11245,2023-10-20,C00527,Credit Card,12.18
ORD-11460,2023-10-20,C00528,Credit Card,5.96
ORD-11809,2023-10-20,C00529,Cash on Delivery,9.64
ORD-10499,2023-10-21,C00530,Credit Card,13.19
ORD-10579,2023-10-22,C00531,Cash on Delivery,12.56
ORD-11652,2023-10-22,C00532,Credit Card,6.24
ORD-11261,2023-10-23,C00533,Credit Card,23.57
ORD-11550,2023-10-23,C00534,PayPal,14.91
ORD-11798,2023-10-23,C00535,Credit Card,22.14
ORD-10347,2023-10-24,C00536,Credit Card,14.26
ORD-10429,2023-10-24,C00537,Bank Transfer,17.52
ORD-10461,2023-10-24,C00538,PayPal,8.88
ORD-11069,2023-10-25,C00539,Cash on Delivery,18.24
ORD-10382,2023-10-26,C00540,Credit Card,13.41
ORD-10530,2023-10-26,C00541,PayPal,10.33
ORD-10316,2023-10-27,C00542,Credit Card,7.96
ORD-10717,2023-10-28,C00543,Credit Card,20.65
ORD-11406,2023-10-28,C00544,PayPal,24.05
ORD-10478,2023-10-29,C00545,PayPal,9.58
ORD-10696,2023-11-01,C00546,Credit Card,10.58
ORD-11295,2023-11-01,C00547,Credit Card,13.21
ORD-11300,2023-11-01,C00548,Bank Transfer,9.99
ORD-10054,2023-11-02,C00549,PayPal,10.33
ORD-10528,2023-11-02,C00550,Bank Transfer,11.66
ORD-11038,2023-11-02,C00551,Cash on Delivery,13.81
ORD-11728,2023-11-02,C00552,Cash on Delivery,10.05
ORD-11949,2023-11-02,C00553,PayPal,22.3
ORD-10811,2023-11-03,C00554,Credit Card,12.13
ORD-11576,2023-11-03,C00555,Cash on Delivery,20.14
ORD-10514,2023-11-05,C00556,PayPal,11.64
ORD-10757,2023-11-06,C00557,Credit Card,14.63
ORD-11470,2023-11-06,C00558,Credit Card,12.43
ORD-10801,2023-11-07,C00559,Bank Transfer,11.23
ORD-11903,2023-11-07,C00560,Credit Card,19.21
ORD-10043,2023-11-09,C00561,Bank Transfer,10.7
ORD-11109,2023-11-09,C00562,PayPal,11.03
ORD-10753,2023-11-10,C00563,Credit Card,6.98
ORD-10180,2023-11-12,C00564,Credit Card,6.02
ORD-11761,2023-11-12,C00565,Bank Transfer,10.89
ORD-10375,2023-11-13,C00566,Credit Card,10.66
ORD-10795,2023-11-13,C00567,Credit Card,20.98
ORD-10362,2023-11-14,C00568,Cash on Delivery,10.53
ORD-10350,2023-11-15,C00569,Credit Card,6.75
ORD-12000,2023-11-15,C00570,Credit Card,14.02
ORD-10559,2023-11-18,C00571,Credit Card,7.43
ORD-10725,2023-11-18,C00572,PayPal,19.16
ORD-11713,2023-11-19,C00573,PayPal,14.62
ORD-10932,2023-11-20,C00574,PayPal,14.07
ORD-11566,2023-11-20,C00575,Bank Transfer,11.75
ORD-10360,2023-11-21,C00576,Credit Card,14.39
ORD-11833,2023-11-21,C00577,PayPal,11.16
ORD-11177,2023-11-22,C00578,PayPal,7.19
ORD-10978,2023-11-23,C00579,PayPal,8.51
ORD-10041,2023-11-25,C00580,Credit Card,9.82
ORD-10365,2023-11-25,C00581,Bank Transfer,13.45
ORD-10524,2023-11-25,C00582,Credit Card,10.19
ORD-11789,2023-11-25,C00583,Bank Transfer,9.42
ORD-10992,2023-11-26,C00584,PayPal,10.26
ORD-11555,2023-11-26,C00585,Credit Card,17.01
ORD-11793,2023-11-27,C00586,Bank Transfer,5.64
ORD-11111,2023-11-28,C00587,Bank Transfer,11.84
ORD-11488,2023-11-28,C00588,PayPal,13.12
ORD-11497,2023-11-29,C00589,PayPal,9.07
ORD-11687,2023-11-29,C00590,Credit Card,16.13
ORD-11505,2023-11-30,C00591,Bank Transfer,11.94
ORD-10487,2023-12-01,C00592,PayPal,17.64
ORD-10677,2023-12-01,C00593,Credit Card,8.15
ORD-10044,2023-12-02,C00594,Credit Card,27.53
ORD-11910,2023-12-02,C00595,Credit Card,19.84
ORD-10288,2023-12-03,C00596,Credit Card,18.44
ORD-11423,2023-12-03,C00597,PayPal,12.84
ORD-11442,2023-12-03,C00598,PayPal,12.21
ORD-11827,2023-12-03,C00599,Credit Card,6.77
ORD-11863,2023-12-03,C00600,Bank Transfer,8.94
ORD-11904,2023-12-04,C00601,Bank Transfer,10.95
ORD-11346,2023-12-05,C00602,PayPal,6.52
ORD-11661,2023-12-05,C00603,Credit Card,13.37
ORD-11944,2023-12-05,C00604,PayPal,7.47
ORD-10109,2023-12-06,C00605,Credit Card,10.55
ORD-11117,2023-12-06,C00606,Credit Card,7.2
ORD-11316,2023-12-06,C00607,PayPal,16.2
ORD-11770,2023-12-06,C00608,Credit Card,16.39
ORD-10189,2023-12-07,C00609,Credit Card,18.73
ORD-10779,2023-12-07,C00610,Credit Card,10.95
ORD-11597,2023-12-07,C00611,Bank Transfer,6.44
ORD-11641,2023-12-07,C00612,Credit Card,5.52
ORD-11708,2023-12-07,C00613,Credit Card,9.89
ORD-11825,2023-12-07,C00614,Cash on Delivery,9.26
ORD-11891,2023-12-07,C00615,Credit Card,7.01
ORD-10220,2023-12-08,C00616,Bank Transfer,12.11
ORD-11953,2023-12-08,C00617,PayPal,11.53
ORD-10183,2023-12-09,C00618,Bank Transfer,18.94
ORD-10488,2023-12-09,C00619,PayPal,16.48
ORD-11110,2023-12-09,C00620,Bank Transfer,6.23
ORD-11393,2023-12-09,C00621,Bank Transfer,15.0
ORD-10632,2023-12-10,C00622,Credit Card,6.62
ORD-11262,2023-12-10,C00623,Credit Card,26.11
ORD-10199,2023-12-11,C00624,Credit Card,8.63
ORD-10454,2023-12-11,C00625,Bank Transfer,5.77
ORD-10658,2023-12-11,C00626,Cash on Delivery,13.52
ORD-11649,2023-12-11,C00627,Cash on Delivery,16.06
ORD-11811,2023-12-11,C00628,Credit Card,13.59
ORD-11847,2023-12-11,C00629,Bank Transfer,14.43
ORD-11936,2023-12-11,C00630,Bank Transfer,16.14
ORD-11986,2023-12-11,C00631,PayPal,9.47
ORD-11964,2023-12-13,C00632,Bank Transfer,11.82
ORD-11968,2023-12-13,C00633,Credit Card,16.35
ORD-10508,2023-12-14,C00634,PayPal,13.12
ORD-11337,2023-12-14,C00635,Credit Card,13.1
ORD-11463,2023-12-16,C00636,PayPal,13.75
ORD-11449,2023-12-17,C00637,Bank Transfer,14.84
ORD-10474,2023-12-18,C00638,Credit Card,10.95
ORD-10495,2023-12-18,C00639,Cash on Delivery,16.7
ORD-11233,2023-12-18,C00640,Credit Card,10.14
ORD-11248,2023-12-18,C00641,PayPal,13.86
ORD-11998,2023-12-18,C00642,Credit Card,13.72
ORD-10126,2023-12-20,C00643,PayPal,25.84
ORD-11345,2023-12-20,C00644,Credit Card,14.7
ORD-11967,2023-12-20,C00645,Credit Card,9.7
ORD-10197,2023-12-21,C00646,Cash on Delivery,6.74
ORD-11579,2023-12-21,C00647,PayPal,6.62
ORD-10237,2023-12-22,C00648,Bank Transfer,17.42
ORD-10587,2023-12-22,C00649,Credit Card,15.39
ORD-10724,2023-12-22,C00650,Bank Transfer,11.82
ORD-10127,2023-12-23,C00651,PayPal,22.68
ORD-10230,2023-12-23,C00652,Credit Card,11.07
ORD-10318,2023-12-23,C00653,Credit Card,15.13
ORD-10827,2023-12-24,C00654,PayPal,5.87
ORD-11663,2023-12-24,C00655,Credit Card,17.85
ORD-10149,2023-12-25,C00656,Credit Card,9.08
ORD-11020,2023-12-25,C00657,Credit Card,7.83
ORD-10218,2023-12-26,C00658,Bank Transfer,10.55
ORD-10409,2023-12-26,C00659,Credit Card,10.71
ORD-10439,2023-12-26,C00660,Bank Transfer,14.16
ORD-10591,2023-12-26,C00661,Cash on Delivery,11.21
ORD-10825,2023-12-26,C00662,Credit Card,10.04
ORD-11187,2023-12-26,C00663,PayPal,16.19
ORD-11830,2023-12-26,C00664,Credit Card,6.99
ORD-11418,2023-12-27,C00665,PayPal,13.6
ORD-11457,2023-12-27,C00666,Credit Card,13.84
ORD-11996,2023-12-27,C00667,Bank Transfer,19.01
ORD-11147,2023-12-28,C00668,Bank Transfer,11.33
ORD-11437,2023-12-31,C00669,PayPal,9.38
ORD-10010,2024-01-01,C00670,Credit Card,8.74
ORD-11510,2024-01-01,C00671,PayPal,10.54
ORD-10052,2024-01-03,C00672,Credit Card,25.84
ORD-10430,2024-01-04,C00673,PayPal,10.51
ORD-11467,2024-01-04,C00674,Bank Transfer,10.14
ORD-11720,2024-01-04,C00675,Bank Transfer,7.53
ORD-10673,2024-01-06,C00676,Credit Card,13.79
ORD-10709,2024-01-07,C00677,Credit Card,12.39
ORD-10323,2024-01-08,C00678,Credit Card,8.36
ORD-10650,2024-01-08,C00679,Bank Transfer,5.87
ORD-10718,2024-01-08,C00680,Credit Card,13.35
ORD-10962,2024-01-09,C00681,Bank Transfer,13.2
ORD-11993,2024-01-09,C00682,Credit Card,10.09
ORD-10925,2024-01-10,C00683,Credit Card,14.84
ORD-11362,2024-01-10,C00684,Cash on Delivery,8.28
ORD-11372,2024-01-10,C00685,PayPal,6.43
ORD-11551,2024-01-11,C00686,Bank Transfer,11.64
ORD-10476,2024-01-13,C00687,PayPal,9.45
ORD-11431,2024-01-13,C00688,Credit Card,12.49
ORD-11861,2024-01-13,C00689,Credit Card,12.13
ORD-11992,2024-01-13,C00690,Bank Transfer,17.98
ORD-10152,2024-01-14,C00691,Credit Card,9.07
ORD-10672,2024-01-14,C00692,PayPal,13.43
ORD-10880,2024-01-16,C00693,Credit Card,11.25
ORD-11107,2024-01-16,C00694,Bank Transfer,22.52
ORD-11424,2024-01-17,C00695,Credit Card,9.87
ORD-11592,2024-01-17,C00696,Bank Transfer,14.39
ORD-10695,2024-01-18,C00697,Bank Transfer,9.9
ORD-10116,2024-01-19,C00698,PayPal,12.43
ORD-10775,2024-01-19,C00699,PayPal,6.34
ORD-11033,2024-01-19,C00700,PayPal,15.81
ORD-10866,2024-01-20,C00701,Credit Card,5.81
ORD-11159,2024-01-20,C00702,Credit Card,11.22
ORD-10471,2024-01-21,C00703,Credit Card,9.65
ORD-10549,2024-01-21,C00704,Credit Card,9.16
ORD-11273,2024-01-21,C00705,PayPal,12.62
ORD-10067,2024-01-22,C00706,Bank Transfer,16.95
ORD-10498,2024-01-22,C00707,PayPal,8.7
ORD-10265,2024-01-24,C00708,Credit Card,12.65
ORD-10662,2024-01-24,C00709,PayPal,8.76
ORD-11015,2024-01-27,C00710,Credit Card,11.25
ORD-11782,2024-01-27,C00711,Bank Transfer,13.06
ORD-10032,2024-01-28,C00712,Credit Card,6.0
ORD-10004,2024-01-29,C00713,Credit Card,37.8
ORD-10051,2024-01-30,C00714,Bank Transfer,13.4
ORD-10878,2024-01-31,C00715,PayPal,10.79
ORD-11208,2024-01-31,C00716,Bank Transfer,9.27
ORD-11547,2024-01-31,C00717,Credit Card,10.77
ORD-10100,2024-02-02,C00718,Bank Transfer,6.7
ORD-10110,2024-02-02,C00719,Cash on Delivery,10.11
ORD-10928,2024-02-03,C00720,PayPal,10.04
ORD-11928,2024-02-03,C00721,PayPal,11.67
ORD-10440,2024-02-04,C00722,PayPal,7.64
ORD-11047,2024-02-04,C00723,Credit Card,6.04
ORD-11456,2024-02-04,C00724,PayPal,8.86
ORD-10297,2024-02-07,C00725,Bank Transfer,38.1
ORD-11139,2024-02-07,C00726,Bank Transfer,13.31
ORD-11704,2024-02-07,C00727,Credit Card,11.05
ORD-10031,2024-02-08,C00728,PayPal,16.2
ORD-10923,2024-02-08,C00729,Credit Card,18.29
ORD-10958,2024-02-10,C00730,PayPal,7.52
ORD-11599,2024-02-10,C00731,Credit Card,13.6
ORD-11625,2024-02-11,C00732,Credit Card,17.58
ORD-11705,2024-02-11,C00733,Cash on Delivery,13.18
ORD-10346,2024-02-12,C00734,PayPal,14.23
ORD-10338,2024-02-13,C00735,Credit Card,11.74
ORD-10935,2024-02-13,C00736,PayPal,8.15
ORD-11263,2024-02-14,C00737,Cash on Delivery,18.91
ORD-11724,2024-02-14,C00738,PayPal,13.86
ORD-11580,2024-02-15,C00448,Cash on Delivery,11.31
ORD-10292,2024-02-16,C00739,Credit Card,13.45
ORD-11565,2024-02-17,C00740,Credit Card,14.29
ORD-10413,2024-02-18,C00741,PayPal,13.26
ORD-10503,2024-02-18,C00742,Cash on Delivery,12.19
ORD-10510,2024-02-18,C00743,Cash on Delivery,8.79
ORD-10165,2024-02-21,C00744,Credit Card,7.88
ORD-10529,2024-02-21,C00745,PayPal,11.64
ORD-10819,2024-02-21,C00746,Bank Transfer,13.22
ORD-11638,2024-02-21,C00747,Credit Card,6.91
ORD-11671,2024-02-23,C00748,Credit Card,15.24
ORD-10156,2024-02-25,C00749,PayPal,8.33
ORD-10708,2024-02-27,C00750,PayPal,12.16
ORD-11059,2024-02-27,C00751,PayPal,15.68
ORD-11676,2024-02-27,C00752,Credit Card,7.42
ORD-11280,2024-03-02,C00753,Credit Card,13.17
ORD-10947,2024-03-03,C00754,Cash on Delivery,10.75
ORD-10869,2024-03-04,C00755,Cash on Delivery,13.15
ORD-10005,2024-03-05,C00756,Credit Card,5.83
ORD-10951,2024-03-05,C00757,PayPal,10.1
ORD-11594,2024-03-05,C00758,Bank Transfer,8.49
ORD-11835,2024-03-05,C00759,Cash on Delivery,15.41
ORD-10706,2024-03-06,C00760,Cash on Delivery,35.32
ORD-11277,2024-03-06,C00761,Credit Card,10.8
ORD-10437,2024-03-07,C00762,Credit Card,13.18
ORD-10841,2024-03-07,C00763,PayPal,12.15
ORD-10883,2024-03-07,C00764,Bank Transfer,17.64
ORD-10273,2024-03-08,C00765,PayPal,14.0
ORD-10893,2024-03-08,C00766,Bank Transfer,9.55
ORD-11361,2024-03-08,C00767,Cash on Delivery,10.17
ORD-10309,2024-03-09,C00768,Credit Card,10.01
ORD-10531,2024-03-10,C00769,Credit Card,12.17
ORD-10537,2024-03-10,C00770,PayPal,7.99
ORD-11284,2024-03-10,C00771,Cash on Delivery,19.4
ORD-11143,2024-03-13,C00772,Credit Card,20.61
ORD-11742,2024-03-13,C00773,PayPal,12.03
ORD-11961,2024-03-13,C00774,PayPal,18.85
ORD-11956,2024-03-16,C00775,Cash on Delivery,15.51
ORD-10573,2024-03-17,C00776,PayPal,9.67
ORD-11179,2024-03-17,C00777,Cash on Delivery,13.43
ORD-11997,2024-03-17,C00778,Credit Card,9.37
ORD-10084,2024-03-18,C00779,Cash on Delivery,16.4
ORD-11941,2024-03-18,C00780,PayPal,8.83
ORD-11174,2024-03-19,C00781,PayPal,12.17
ORD-11802,2024-03-19,C00782,Credit Card,21.86
ORD-11979,2024-03-19,C00783,Cash on Delivery,10.73
ORD-10425,2024-03-21,C00784,PayPal,13.33
ORD-10040,2024-03-27,C00396,Credit Card,13.62
ORD-10705,2024-03-27,C00785,Credit Card,7.58
ORD-11101,2024-03-27,C00786,Credit Card,13.35
ORD-11914,2024-03-27,C00787,PayPal,16.01
ORD-10154,2024-03-28,C00788,Cash on Delivery,27.85
ORD-11326,2024-03-28,C00789,Bank Transfer,11.24
ORD-10379,2024-03-30,C00530,Credit Card,9.6
ORD-10754,2024-03-30,C00790,Credit Card,13.13
ORD-10394,2024-03-31,C00791,PayPal,27.87
ORD-10464,2024-03-31,C00792,Cash on Delivery,9.12
ORD-11428,2024-03-31,C00793,PayPal,9.22
ORD-11969,2024-03-31,C00794,PayPal,18.51
ORD-11981,2024-04-01,C00795,PayPal,8.87
ORD-10660,2024-04-03,C00796,Bank Transfer,10.97
ORD-10768,2024-04-03,C00797,Credit Card,34.33
ORD-11299,2024-04-03,C00798,PayPal,9.66
ORD-10295,2024-04-04,C00799,PayPal,14.68
ORD-10832,2024-04-04,C00800,Cash on Delivery,12.71
ORD-11250,2024-04-04,C00801,PayPal,10.52
ORD-11581,2024-04-04,C00802,Credit Card,12.55
ORD-10064,2024-04-05,C00803,Bank Transfer,10.5
ORD-10665,2024-04-05,C00804,Credit Card,14.77
ORD-10687,2024-04-05,C00805,Credit Card,9.04
ORD-10806,2024-04-06,C00806,Credit Card,9.02
ORD-10813,2024-04-06,C00807,Cash on Delivery,9.78
ORD-10956,2024-04-06,C00808,Credit Card,7.0
ORD-11558,2024-04-06,C00809,Credit Card,16.77
ORD-10078,2024-04-07,C00810,Credit Card,20.41
ORD-11634,2024-04-07,C00811,Credit Card,14.67
ORD-10092,2024-04-08,C00812,Credit Card,17.71
ORD-10964,2024-04-08,C00813,Credit Card,17.14
ORD-11344,2024-04-08,C00814,Credit Card,5.8
ORD-10991,2024-04-09,C00815,PayPal,7.7
ORD-11785,2024-04-09,C00816,Credit Card,6.39
ORD-10250,2024-04-10,C00817,PayPal,15.47
ORD-11053,2024-04-10,C00818,Credit Card,14.83
ORD-11489,2024-04-10,C00819,Credit Card,10.72
ORD-11767,2024-04-10,C00820,PayPal,11.26
ORD-10305,2024-04-11,C00821,PayPal,11.14
ORD-11106,2024-04-13,C00822,Cash on Delivery,9.63
ORD-10006,2024-04-14,C00823,Bank Transfer,10.63
ORD-11141,2024-04-14,C00824,Cash on Delivery,12.16
ORD-11434,2024-04-14,C00825,PayPal,11.11
ORD-10463,2024-04-15,C00826,Credit Card,40.44
ORD-11290,2024-04-15,C00827,Credit Card,21.13
ORD-10075,2024-04-16,C00828,Bank Transfer,13.01
ORD-10460,2024-04-16,C00829,Cash on Delivery,7.9
ORD-11887,2024-04-16,C00830,Cash on Delivery,11.36
ORD-10171,2024-04-18,C00831,PayPal,10.21
ORD-10354,2024-04-18,C00832,Credit Card,9.58
ORD-11171,2024-04-18,C00833,PayPal,10.29
ORD-10332,2024-04-19,C00834,Credit Card,11.69
ORD-10420,2024-04-19,C00835,PayPal,14.14
ORD-11259,2024-04-20,C00836,Bank Transfer,24.08
ORD-11678,2024-04-20,C00837,PayPal,11.25
ORD-10236,2024-04-21,C00838,Bank Transfer,9.08
ORD-10407,2024-04-21,C00839,Bank Transfer,7.74
ORD-10575,2024-04-21,C00840,PayPal,28.72
ORD-11315,2024-04-21,C00841,Credit Card,10.18
ORD-11548,2024-04-21,C00842,Credit Card,8.07
ORD-11607,2024-04-21,C00843,Credit Card,14.52
ORD-11675,2024-04-22,C00844,Credit Card,27.16
ORD-10057,2024-04-23,C00845,PayPal,23.71
ORD-10438,2024-04-23,C00846,Cash on Delivery,9.52
ORD-10616,2024-04-23,C00847,Credit Card,17.34
ORD-11373,2024-04-23,C00848,PayPal,13.83
ORD-11546,2024-04-24,C00849,Bank Transfer,11.38
ORD-11871,2024-04-24,C00850,Credit Card,9.71
ORD-11999,2024-04-25,C00851,Credit Card,6.8
ORD-10034,2024-04-26,C00852,PayPal,11.47
ORD-11583,2024-04-26,C00853,Credit Card,23.4
ORD-11734,2024-04-26,C00854,Credit Card,11.86
ORD-10082,2024-04-28,C00855,Credit Card,8.58
ORD-10361,2024-04-28,C00856,Credit Card,11.46
ORD-10515,2024-04-28,C00857,PayPal,10.12
ORD-10640,2024-04-28,C00858,Credit Card,10.98
ORD-11108,2024-04-28,C00859,Bank Transfer,11.04
ORD-11297,2024-04-28,C00860,PayPal,17.86
ORD-10804,2024-04-29,C00861,Credit Card,14.69
ORD-10342,2024-04-30,C00862,Bank Transfer,6.34
ORD-10366,2024-05-04,C00863,PayPal,9.64
ORD-10456,2024-05-04,C00864,Credit Card,12.17
ORD-10732,2024-05-04,C00865,Credit Card,31.89
ORD-11025,2024-05-04,C00866,Bank Transfer,9.0
ORD-11198,2024-05-04,C00867,Credit Card,19.79
ORD-10167,2024-05-05,C00868,PayPal,12.07
ORD-10355,2024-05-05,C00869,Bank Transfer,12.94
ORD-11414,2024-05-05,C00870,Credit Card,11.95
ORD-10056,2024-05-06,C00871,Credit Card,11.88
ORD-10373,2024-05-07,C00872,PayPal,14.66
ORD-10728,2024-05-07,C00873,Credit Card,10.77
ORD-10072,2024-05-08,C00874,Credit Card,12.03
ORD-10049,2024-05-09,C00875,PayPal,11.92
ORD-11626,2024-05-09,C00876,Cash on Delivery,21.95
ORD-10147,2024-05-11,C00877,PayPal,10.16
ORD-10721,2024-05-11,C00878,Credit Card,12.91
ORD-11448,2024-05-11,C00879,Cash on Delivery,13.52
ORD-11817,2024-05-11,C00880,Credit Card,12.78
ORD-11735,2024-05-12,C00881,Cash on Delivery,10.15
ORD-10900,2024-05-14,C00882,PayPal,7.58
ORD-11104,2024-05-14,C00883,Credit Card,16.95
ORD-11572,2024-05-15,C00884,PayPal,9.05
ORD-11924,2024-05-15,C00885,Credit Card,18.9
ORD-10835,2024-05-16,C00886,Credit Card,13.37
ORD-11432,2024-05-16,C00887,Credit Card,9.97
ORD-11877,2024-05-16,C00888,PayPal,6.63
ORD-10224,2024-05-17,C00889,Credit Card,15.66
ORD-11144,2024-05-17,C00890,Credit Card,11.7
ORD-10169,2024-05-18,C00891,PayPal,17.7
ORD-10396,2024-05-18,C00892,Cash on Delivery,9.03
ORD-11152,2024-05-18,C00893,Cash on Delivery,15.6
ORD-11650,2024-05-18,C00894,PayPal,11.23
ORD-10582,2024-05-19,C00895,Credit Card,12.54
ORD-11696,2024-05-20,C00896,Credit Card,13.49
ORD-10796,2024-05-21,C00897,Credit Card,18.06
ORD-11791,2024-05-21,C00898,Credit Card,12.25
ORD-10104,2024-05-22,C00899,Credit Card,18.34
ORD-10291,2024-05-23,C00900,Bank Transfer,9.65
ORD-10016,2024-05-24,C00901,Cash on Delivery,9.0
ORD-10359,2024-05-24,C00902,Credit Card,30.62
ORD-10989,2024-05-24,C00903,Credit Card,6.96
ORD-11568,2024-05-24,C00904,PayPal,8.52
ORD-11021,2024-05-25,C00905,PayPal,11.26
ORD-11160,2024-05-25,C00906,Credit Card,10.01
ORD-11462,2024-05-25,C00907,Cash on Delivery,11.63
ORD-10631,2024-05-26,C00908,Bank Transfer,9.53
ORD-10936,2024-05-26,C00909,PayPal,8.19
ORD-11287,2024-05-26,C00910,Cash on Delivery,22.94
ORD-10059,2024-05-27,C00911,Cash on Delivery,21.41
ORD-10335,2024-05-27,C00912,PayPal,22.11
ORD-10595,2024-05-27,C00913,Bank Transfer,13.33
ORD-10614,2024-05-27,C00914,Bank Transfer,13.63
ORD-10790,2024-05-27,C00915,PayPal,13.71
ORD-11173,2024-05-27,C00916,Credit Card,22.07
ORD-11324,2024-05-27,C00917,Cash on Delivery,22.72
ORD-10364,2024-05-28,C00918,PayPal,11.44
ORD-10445,2024-05-28,C00919,PayPal,7.37
ORD-10584,2024-05-28,C00920,Credit Card,23.09
ORD-11658,2024-05-29,C00921,Credit Card,12.36
ORD-11765,2024-05-29,C00922,Cash on Delivery,13.12
ORD-10441,2024-05-30,C00923,Credit Card,7.29
ORD-10898,2024-05-31,C00924,PayPal,12.09
ORD-11164,2024-05-31,C00925,PayPal,14.98
ORD-11588,2024-06-01,C00926,Credit Card,10.07
ORD-11686,2024-06-02,C00927,Credit Card,11.64
ORD-10117,2024-06-03,C00928,Bank Transfer,12.51
ORD-11074,2024-06-03,C00929,Credit Card,12.79
ORD-10345,2024-06-04,C00930,Cash on Delivery,8.24
ORD-11815,2024-06-04,C00931,Credit Card,6.74
ORD-10157,2024-06-05,C00932,Cash on Delivery,9.63
ORD-11803,2024-06-07,C00933,Credit Card,10.96
ORD-10734,2024-06-08,C00934,Credit Card,8.64
ORD-10302,2024-06-09,C00935,PayPal,14.59
ORD-11365,2024-06-09,C00936,PayPal,10.77
ORD-11759,2024-06-09,C00044,Credit Card,12.1
ORD-11750,2024-06-10,C00937,Cash on Delivery,6.91
ORD-10557,2024-06-12,C00938,Cash on Delivery,20.46
ORD-10897,2024-06-12,C00939,Credit Card,13.19
ORD-11738,2024-06-12,C00940,PayPal,12.79
ORD-11737,2024-06-14,C00941,Cash on Delivery,15.26
ORD-10547,2024-06-15,C00942,PayPal,5.53
ORD-10882,2024-06-15,C00943,PayPal,9.09
ORD-11303,2024-06-15,C00944,Bank Transfer,14.34
ORD-11882,2024-06-16,C00945,PayPal,11.26
ORD-10227,2024-06-18,C00946,Credit Card,10.22
ORD-10556,2024-06-18,C00947,Credit Card,22.68
ORD-10884,2024-06-18,C00948,Credit Card,10.74
ORD-11188,2024-06-19,C00949,PayPal,8.06
ORD-11340,2024-06-19,C00950,Credit Card,11.22
ORD-11325,2024-06-20,C00951,PayPal,13.32
ORD-11447,2024-06-20,C00952,Cash on Delivery,6.29
ORD-10822,2024-06-21,C00953,Cash on Delivery,10.74
ORD-11747,2024-06-21,C00954,PayPal,13.94
ORD-11084,2024-06-22,C00955,Credit Card,7.9
ORD-10983,2024-06-23,C00956,Cash on Delivery,19.93
ORD-11777,2024-06-23,C00957,PayPal,14.26
ORD-10278,2024-06-24,C00958,PayPal,18.54
ORD-11466,2024-06-24,C00959,Bank Transfer,12.38
ORD-11816,2024-06-24,C00960,PayPal,12.92
ORD-10144,2024-06-25,C00961,Cash on Delivery,11.77
ORD-10012,2024-06-26,C00962,Credit Card,11.96
ORD-11415,2024-06-26,C00963,Credit Card,11.65
ORD-11265,2024-06-28,C00964,Credit Card,9.35
ORD-11311,2024-06-28,C00965,Credit Card,11.35
ORD-11688,2024-06-29,C00966,PayPal,18.76
ORD-10121,2024-06-30,C00967,Credit Card,11.77
ORD-11099,2024-06-30,C00968,Credit Card,6.13
ORD-11660,2024-07-01,C00969,Credit Card,9.34
ORD-11768,2024-07-01,C00970,Credit Card,9.01
ORD-10513,2024-07-02,C00971,Bank Transfer,23.22
ORD-11850,2024-07-02,C00972,Credit Card,10.12
ORD-11411,2024-07-03,C00973,PayPal,9.48
ORD-11498,2024-07-03,C00974,Credit Card,13.99
ORD-11352,2024-07-04,C00975,Credit Card,13.49
ORD-10257,2024-07-05,C00976,Bank Transfer,9.15
ORD-10261,2024-07-05,C00977,Cash on Delivery,7.59
ORD-10581,2024-07-05,C00978,Cash on Delivery,8.77
ORD-10691,2024-07-05,C00979,Credit Card,10.99
ORD-11189,2024-07-05,C00980,PayPal,5.84
ORD-10275,2024-07-06,C00981,Credit Card,17.15
ORD-11450,2024-07-06,C00982,Credit Card,8.64
ORD-11559,2024-07-06,C00983,Credit Card,9.27
ORD-11225,2024-07-07,C00984,Cash on Delivery,6.85
ORD-11636,2024-07-07,C00985,Cash on Delivery,16.43
ORD-11706,2024-07-08,C00986,Credit Card,14.57
ORD-10222,2024-07-09,C00987,Bank Transfer,9.58
ORD-10385,2024-07-09,C00988,Credit Card,6.8
ORD-11508,2024-07-09,C00989,Credit Card,9.75
ORD-10641,2024-07-10,C00990,PayPal,16.19
ORD-11587,2024-07-10,C00991,PayPal,15.04
ORD-10095,2024-07-11,C00992,Credit Card,9.02
ORD-11444,2024-07-11,C00993,PayPal,15.8
ORD-11549,2024-07-11,C00994,PayPal,13.36
ORD-10516,2024-07-12,C00995,Credit Card,8.58
ORD-10586,2024-07-13,C00996,PayPal,10.6
ORD-10664,2024-07-14,C00997,Credit Card,18.45
ORD-11142,2024-07-14,C00998,Bank Transfer,8.97
ORD-10824,2024-07-15,C00999,Credit Card,6.15
ORD-11343,2024-07-15,C01000,Cash on Delivery,13.22
ORD-11639,2024-07-15,C01001,Credit Card,8.01
ORD-10131,2024-07-16,C01002,PayPal,6.68
ORD-10253,2024-07-19,C01003,PayPal,12.36
ORD-11402,2024-07-19,C01004,Cash on Delivery,7.24
ORD-11398,2024-07-21,C01005,Cash on Delivery,6.5
ORD-11857,2024-07-23,C01006,PayPal,14.33
ORD-11690,2024-07-24,C01007,PayPal,20.53
ORD-10909,2024-07-25,C01008,PayPal,16.06
ORD-10138,2024-07-26,C01009,Bank Transfer,8.29
ORD-11165,2024-07-26,C01010,Credit Card,12.04
ORD-10340,2024-07-27,C01011,Credit Card,16.14
ORD-10388,2024-07-27,C01012,Cash on Delivery,12.06
ORD-10868,2024-07-27,C01013,Credit Card,15.16
ORD-11918,2024-07-27,C01014,Credit Card,5.91
ORD-10590,2024-07-28,C01015,Cash on Delivery,11.29
ORD-11153,2024-07-28,C01016,Bank Transfer,23.46
ORD-11654,2024-07-29,C01017,Credit Card,7.24
ORD-11982,2024-07-29,C01018,Bank Transfer,6.89
ORD-10263,2024-08-01,C01019,Credit Card,9.3
ORD-10066,2024-08-02,C01020,PayPal,12.57
ORD-10799,2024-08-03,C01021,PayPal,12.4
ORD-11203,2024-08-03,C01022,PayPal,11.02
ORD-11849,2024-08-04,C01023,PayPal,13.51
ORD-10867,2024-08-05,C01024,Credit Card,12.61
ORD-11698,2024-08-05,C01025,PayPal,8.07
ORD-10213,2024-08-06,C01026,PayPal,11.14
ORD-10311,2024-08-06,C01027,PayPal,11.22
ORD-11049,2024-08-06,C01028,PayPal,10.15
ORD-10018,2024-08-07,C01029,Credit Card,7.81
ORD-10475,2024-08-07,C01030,Credit Card,8.23
ORD-11726,2024-08-08,C01031,Credit Card,8.06
ORD-11892,2024-08-08,C01032,PayPal,13.02
ORD-10294,2024-08-09,C01033,Credit Card,13.03
ORD-10910,2024-08-09,C01034,Bank Transfer,10.55
ORD-10714,2024-08-10,C01035,Cash on Delivery,12.93
ORD-10716,2024-08-10,C01036,Cash on Delivery,12.09
ORD-10810,2024-08-12,C01037,PayPal,14.37
ORD-10786,2024-08-13,C01038,Cash on Delivery,12.2
ORD-10919,2024-08-13,C01039,PayPal,12.73
ORD-11751,2024-08-13,C01040,PayPal,5.86
ORD-10058,2024-08-14,C01041,PayPal,11.0
ORD-11383,2024-08-14,C01042,Bank Transfer,6.42
ORD-11622,2024-08-14,C01043,Credit Card,9.55
ORD-11976,2024-08-14,C01044,PayPal,9.26
ORD-11301,2024-08-15,C01045,Cash on Delivery,12.85
ORD-11719,2024-08-15,C01046,PayPal,9.96
ORD-10448,2024-08-16,C01047,Credit Card,17.98
ORD-10748,2024-08-16,C01048,PayPal,11.67
ORD-11186,2024-08-16,C01049,PayPal,14.51
ORD-11446,2024-08-16,C01050,Credit Card,20.34
ORD-11697,2024-08-16,C01051,Credit Card,6.99
ORD-10315,2024-08-18,C01052,Bank Transfer,10.65
ORD-11942,2024-08-18,C01053,Credit Card,18.63
ORD-11094,2024-08-19,C01054,Bank Transfer,14.1
ORD-10248,2024-08-20,C01055,PayPal,7.96
ORD-11240,2024-08-20,C01056,PayPal,12.05
ORD-10818,2024-08-22,C01057,Credit Card,10.01
ORD-11132,2024-08-24,C01058,PayPal,27.55
ORD-10608,2024-08-25,C01059,PayPal,12.01
ORD-10629,2024-08-25,C01060,PayPal,13.19
ORD-11246,2024-08-25,C01061,Credit Card,6.65
ORD-10245,2024-08-26,C01062,Bank Transfer,10.25
ORD-10613,2024-08-26,C01063,Credit Card,7.96
ORD-11635,2024-08-26,C01064,Credit Card,11.37
ORD-10108,2024-08-28,C01065,PayPal,9.66
ORD-10563,2024-08-28,C01066,Bank Transfer,13.75
ORD-11347,2024-08-28,C01067,PayPal,6.94
ORD-11480,2024-08-29,C01068,PayPal,9.76
ORD-11823,2024-08-29,C01069,Bank Transfer,17.07
ORD-11613,2024-08-30,C01070,Credit Card,6.72
ORD-10055,2024-08-31,C01071,Cash on Delivery,14.92
ORD-11966,2024-09-01,C01072,Credit Card,10.58
ORD-10403,2024-09-03,C01073,PayPal,8.69
ORD-10140,2024-09-04,C01074,Bank Transfer,10.3
ORD-11959,2024-09-04,C01075,PayPal,15.61
ORD-10929,2024-09-05,C01076,PayPal,7.24
ORD-11370,2024-09-05,C01077,Credit Card,11.2
ORD-11534,2024-09-05,C01078,Bank Transfer,6.89
ORD-10174,2024-09-06,C01079,Credit Card,14.12
ORD-10848,2024-09-06,C01080,PayPal,12.09
ORD-11023,2024-09-06,C01081,PayPal,12.15
ORD-11314,2024-09-06,C01082,Bank Transfer,17.08
ORD-11582,2024-09-06,C01083,Bank Transfer,6.23
ORD-10544,2024-09-07,C01084,PayPal,7.71
ORD-11124,2024-09-07,C01085,Cash on Delivery,12.07
ORD-10493,2024-09-09,C01086,Credit Card,23.42
ORD-10208,2024-09-10,C01087,PayPal,13.66
ORD-10484,2024-09-10,C01088,Credit Card,19.41
ORD-10857,2024-09-10,C01089,PayPal,19.53
ORD-10901,2024-09-10,C01090,Credit Card,18.93
ORD-11644,2024-09-11,C01091,Credit Card,14.32
ORD-11672,2024-09-11,C01092,PayPal,14.18
ORD-11073,2024-09-12,C01093,Credit Card,9.79
ORD-11058,2024-09-13,C01094,Credit Card,7.19
ORD-10370,2024-09-14,C01095,Credit Card,8.56
ORD-11781,2024-09-14,C01096,Credit Card,10.34
ORD-11939,2024-09-14,C01097,PayPal,11.52
ORD-10184,2024-09-15,C01098,Credit Card,11.64
ORD-10229,2024-09-15,C01099,Credit Card,9.09
ORD-10286,2024-09-15,C01100,Credit Card,9.91
ORD-10426,2024-09-15,C01101,PayPal,24.32
ORD-11799,2024-09-15,C01102,Bank Transfer,6.85
ORD-11951,2024-09-15,C01103,Cash on Delivery,12.59
ORD-10466,2024-09-16,C01104,Bank Transfer,12.05
ORD-11433,2024-09-16,C01105,Credit Card,7.94
ORD-11473,2024-09-16,C01106,PayPal,11.57
ORD-11491,2024-09-16,C01107,Credit Card,6.51
ORD-11504,2024-09-16,C01108,Cash on Delivery,9.1
ORD-11938,2024-09-16,C01109,Credit Card,13.98
ORD-10262,2024-09-17,C01110,PayPal,7.01
ORD-10998,2024-09-18,C01111,Cash on Delivery,9.33
ORD-10050,2024-09-19,C01112,Credit Card,12.98
ORD-10697,2024-09-19,C01113,Credit Card,9.71
ORD-10329,2024-09-20,C01114,PayPal,20.97
ORD-10011,2024-09-21,C01115,Credit Card,18.25
ORD-10931,2024-09-21,C01116,Credit Card,16.07
ORD-10141,2024-09-22,C01117,PayPal,14.89
ORD-10648,2024-09-22,C01118,Credit Card,15.39
ORD-11925,2024-09-23,C01119,PayPal,16.68
ORD-10076,2024-09-24,C01120,Bank Transfer,14.45
ORD-11440,2024-09-24,C01121,Cash on Delivery,14.38
ORD-11573,2024-09-24,C01122,Credit Card,8.05
ORD-11870,2024-09-25,C01123,Credit Card,10.82
ORD-11920,2024-09-26,C01124,Credit Card,9.4
ORD-10106,2024-09-27,C01125,PayPal,15.47
ORD-11522,2024-09-27,C01126,Bank Transfer,12.01
ORD-10223,2024-09-28,C01127,Bank Transfer,11.14
ORD-11955,2024-09-28,C01128,Credit Card,21.01
ORD-10258,2024-09-29,C01129,Credit Card,12.35
ORD-10879,2024-09-29,C01130,Cash on Delivery,13.02
ORD-11947,2024-09-30,C01131,PayPal,11.03
ORD-11826,2024-10-01,C01132,Credit Card,13.14
ORD-10296,2024-10-02,C01133,Cash on Delivery,12.06
ORD-11399,2024-10-02,C01134,PayPal,5.89
ORD-10312,2024-10-03,C01135,PayPal,11.88
ORD-10512,2024-10-03,C01136,Cash on Delivery,11.79
ORD-10767,2024-10-03,C01137,Cash on Delivery,15.79
ORD-11092,2024-10-03,C01138,Bank Transfer,12.34
ORD-11797,2024-10-03,C01139,Bank Transfer,9.61
ORD-10517,2024-10-04,C01140,Credit Card,14.63
ORD-10999,2024-10-04,C01141,PayPal,21.04
ORD-11749,2024-10-04,C01142,Bank Transfer,19.74
ORD-11228,2024-10-05,C01143,Cash on Delivery,16.48
ORD-10412,2024-10-06,C01144,Cash on Delivery,15.21
ORD-10504,2024-10-06,C01145,Credit Card,7.22
ORD-10988,2024-10-06,C01146,Credit Card,20.25
ORD-11136,2024-10-06,C01147,Credit Card,7.83
ORD-11883,2024-10-06,C01148,Cash on Delivery,19.66
ORD-10119,2024-10-08,C01149,PayPal,8.44
ORD-10021,2024-10-09,C01150,PayPal,11.8
ORD-10663,2024-10-09,C01151,Credit Card,12.11
ORD-11018,2024-10-09,C01152,Credit Card,11.78
ORD-11739,2024-10-09,C01153,PayPal,13.39
ORD-11774,2024-10-09,C01154,Bank Transfer,12.21
ORD-11881,2024-10-09,C01155,PayPal,24.35
ORD-11965,2024-10-09,C01156,Credit Card,5.6
ORD-10520,2024-10-10,C01157,Credit Card,32.74
ORD-10877,2024-10-10,C01158,Cash on Delivery,9.6
ORD-11475,2024-10-10,C01159,Credit Card,25.72
ORD-10523,2024-10-11,C01160,PayPal,9.12
ORD-10833,2024-10-11,C01161,Credit Card,9.04
ORD-10871,2024-10-11,C01162,Bank Transfer,26.5
ORD-11209,2024-10-11,C01163,Credit Card,8.04
ORD-11542,2024-10-11,C01164,Credit Card,13.47
ORD-11783,2024-10-13,C01165,PayPal,13.94
ORD-11994,2024-10-13,C01166,Bank Transfer,11.59
ORD-10391,2024-10-14,C01167,PayPal,15.29
ORD-11714,2024-10-14,C01168,Credit Card,18.09
ORD-11851,2024-10-14,C01169,Cash on Delivery,10.68
ORD-10162,2024-10-15,C01170,PayPal,15.8
ORD-10416,2024-10-15,C01171,PayPal,7.42
ORD-10038,2024-10-16,C01172,Credit Card,6.91
ORD-10168,2024-10-17,C01173,Credit Card,11.98
ORD-10580,2024-10-17,C01174,Credit Card,10.43
ORD-11269,2024-10-17,C01175,Bank Transfer,12.43
ORD-11341,2024-10-18,C01176,Credit Card,13.57
ORD-10939,2024-10-19,C01177,PayPal,12.02
ORD-11623,2024-10-19,C01178,Credit Card,11.28
ORD-11874,2024-10-19,C01179,Credit Card,5.62
ORD-11864,2024-10-21,C01180,Credit Card,7.32
ORD-10540,2024-10-23,C01181,Credit Card,14.03
ORD-11054,2024-10-23,C01182,PayPal,14.2
ORD-10443,2024-10-24,C01183,Credit Card,12.49
ORD-10449,2024-10-24,C01184,PayPal,10.57
ORD-11822,2024-10-25,C01185,PayPal,8.99
ORD-11836,2024-10-25,C01186,Cash on Delivery,12.12
ORD-10453,2024-10-26,C01187,Credit Card,10.85
ORD-10707,2024-10-26,C01188,Cash on Delivery,11.85
ORD-11037,2024-10-26,C01189,Bank Transfer,12.49
ORD-11807,2024-10-26,C01190,Credit Card,6.68
ORD-10088,2024-10-27,C01191,Bank Transfer,11.1
ORD-10693,2024-10-27,C01192,Credit Card,19.22
ORD-10912,2024-10-27,C01193,Bank Transfer,10.72
ORD-11170,2024-10-27,C01194,PayPal,16.43
ORD-11627,2024-10-27,C01195,Cash on Delivery,14.61
ORD-11615,2024-10-28,C01196,PayPal,11.34
ORD-11267,2024-10-29,C01197,Cash on Delivery,15.95
ORD-11455,2024-10-29,C01198,Bank Transfer,13.07
ORD-10659,2024-10-30,C01199,Credit Card,13.59
ORD-10944,2024-10-30,C01200,Cash on Delivery,11.78
ORD-11319,2024-10-30,C01201,PayPal,25.6
ORD-10217,2024-10-31,C01202,Credit Card,6.95
ORD-10621,2024-10-31,C01203,Bank Transfer,23.04
ORD-10765,2024-10-31,C01204,Cash on Delivery,11.42
ORD-11451,2024-10-31,C01205,Credit Card,11.65
ORD-11502,2024-10-31,C01206,PayPal,20.35
ORD-11716,2024-10-31,C01207,PayPal,14.15
ORD-11618,2024-11-01,C01208,PayPal,8.77
ORD-11146,2024-11-02,C01209,PayPal,12.72
ORD-11252,2024-11-02,C01210,PayPal,11.27
ORD-10389,2024-11-05,C01211,Cash on Delivery,7.1
ORD-10405,2024-11-05,C01212,Cash on Delivery,10.64
ORD-10539,2024-11-05,C00439,Cash on Delivery,12.94
ORD-10924,2024-11-05,C01213,Cash on Delivery,13.74
ORD-11853,2024-11-05,C01214,Bank Transfer,19.17
ORD-10061,2024-11-06,C01215,PayPal,23.4
ORD-10014,2024-11-07,C01216,Cash on Delivery,10.84
ORD-10865,2024-11-07,C01217,Credit Card,11.54
ORD-11296,2024-11-07,C01218,PayPal,15.39
ORD-10193,2024-11-08,C01219,PayPal,8.56
ORD-10433,2024-11-09,C01220,Bank Transfer,12.0
ORD-10638,2024-11-09,C01221,PayPal,16.97
ORD-10785,2024-11-09,C01222,Bank Transfer,13.32
ORD-10794,2024-11-09,C01223,Credit Card,7.42
ORD-11629,2024-11-09,C01224,PayPal,14.36
ORD-11790,2024-11-09,C01225,Credit Card,20.9
ORD-10120,2024-11-10,C01226,Credit Card,9.83
ORD-10415,2024-11-13,C01227,Bank Transfer,11.72
ORD-10633,2024-11-13,C01228,PayPal,7.94
ORD-10715,2024-11-14,C01229,PayPal,11.24
ORD-11371,2024-11-15,C01230,Credit Card,12.59
ORD-11223,2024-11-16,C01231,Credit Card,6.72
ORD-11617,2024-11-16,C01232,Bank Transfer,8.1
ORD-10150,2024-11-17,C01233,Credit Card,19.56
ORD-10151,2024-11-17,C01234,PayPal,8.78
ORD-10400,2024-11-17,C01235,Credit Card,5.6
ORD-10830,2024-11-17,C01236,Credit Card,16.03
ORD-11902,2024-11-17,C01237,PayPal,13.05
ORD-10243,2024-11-18,C01238,Bank Transfer,13.3
ORD-10048,2024-11-19,C01239,Cash on Delivery,10.18
ORD-10401,2024-11-20,C01240,Credit Card,11.8
ORD-11327,2024-11-20,C01241,Cash on Delivery,13.78
ORD-11039,2024-11-21,C01242,Credit Card,10.2
ORD-11369,2024-11-21,C01243,PayPal,11.46
ORD-11506,2024-11-21,C01244,PayPal,17.88
ORD-11590,2024-11-21,C01245,PayPal,16.69
ORD-11943,2024-11-21,C01246,Credit Card,12.69
ORD-11207,2024-11-22,C01247,Credit Card,22.39
ORD-11758,2024-11-22,C01248,Credit Card,10.69
ORD-10469,2024-11-24,C01249,Bank Transfer,16.21
ORD-10669,2024-11-24,C01250,PayPal,6.96
ORD-11335,2024-11-24,C01251,Cash on Delivery,7.89
ORD-10533,2024-11-25,C01252,Credit Card,9.08
ORD-10567,2024-11-25,C01253,PayPal,19.97
ORD-10093,2024-11-26,C01254,PayPal,11.35
ORD-11257,2024-11-26,C01255,PayPal,14.63
ORD-11445,2024-11-26,C01256,PayPal,8.64
ORD-10239,2024-11-28,C01257,Credit Card,5.78
ORD-11043,2024-11-28,C01258,PayPal,24.44
ORD-11113,2024-11-28,C01259,Credit Card,9.49
ORD-10046,2024-11-29,C01260,Bank Transfer,8.77
ORD-10543,2024-11-30,C01261,PayPal,11.22
ORD-10602,2024-11-30,C01262,PayPal,18.95
ORD-10969,2024-11-30,C01263,PayPal,17.03
ORD-11869,2024-11-30,C01264,Credit Card,16.62
ORD-10491,2024-12-01,C01265,Credit Card,23.28
ORD-11211,2024-12-02,C01266,PayPal,19.46
ORD-10436,2024-12-03,C01267,PayPal,19.03
ORD-10701,2024-12-03,C01268,Credit Card,10.59
ORD-11338,2024-12-03,C01269,Cash on Delivery,8.1
ORD-11778,2024-12-05,C01270,Bank Transfer,18.57
ORD-11973,2024-12-05,C01271,PayPal,7.92
ORD-11980,2024-12-06,C01272,PayPal,11.48
ORD-10073,2024-12-08,C01273,Credit Card,9.38
ORD-10134,2024-12-08,C01274,Credit Card,9.95
ORD-11792,2024-12-08,C01275,Credit Card,8.51
ORD-10160,2024-12-09,C01276,PayPal,13.48
ORD-10178,2024-12-09,C01277,PayPal,10.73
ORD-10690,2024-12-09,C01278,Credit Card,10.44
ORD-10812,2024-12-09,C01279,Cash on Delivery,17.41
ORD-11514,2024-12-10,C01280,PayPal,10.11
ORD-11709,2024-12-10,C01281,Credit Card,20.02
ORD-10624,2024-12-11,C01282,Credit Card,16.98
ORD-10742,2024-12-11,C01283,Bank Transfer,32.83
ORD-11067,2024-12-11,C01284,Bank Transfer,8.25
ORD-10494,2024-12-13,C01285,Bank Transfer,13.55
ORD-11384,2024-12-13,C01286,Credit Card,14.12
ORD-10645,2024-12-14,C01287,PayPal,12.54
ORD-10666,2024-12-14,C01288,Bank Transfer,18.73
ORD-10759,2024-12-14,C01289,Cash on Delivery,19.36
ORD-11276,2024-12-14,C01290,Credit Card,14.91
ORD-11950,2024-12-14,C01291,Bank Transfer,19.48
ORD-10994,2024-12-15,C01292,Cash on Delivery,21.95
ORD-11908,2024-12-15,C01293,Bank Transfer,14.76
ORD-10741,2024-12-16,C01294,Credit Card,12.57
ORD-11476,2024-12-16,C01295,Cash on Delivery,8.65
ORD-10260,2024-12-17,C01296,Credit Card,12.09
ORD-10967,2024-12-18,C01297,PayPal,12.34
ORD-11242,2024-12-18,C01298,Cash on Delivery,22.56
ORD-10029,2024-12-20,C01299,Cash on Delivery,8.33
ORD-10815,2024-12-21,C01300,PayPal,11.52
ORD-11948,2024-12-21,C01301,Cash on Delivery,7.56
ORD-10588,2024-12-23,C01302,PayPal,11.07
ORD-10761,2024-12-23,C01303,PayPal,14.04
ORD-11477,2024-12-23,C01304,Credit Card,8.88
ORD-11880,2024-12-24,C01305,Credit Card,13.09
ORD-11764,2024-12-25,C01306,Credit Card,12.34
ORD-11426,2024-12-26,C01307,Credit Card,11.57
ORD-11195,2024-12-27,C01308,Credit Card,18.15
ORD-11309,2024-12-27,C01309,Cash on Delivery,13.27
ORD-10654,2024-12-30,C01310,Cash on Delivery,22.2
ORD-11517,2024-12-30,C01311,Credit Card,14.41
ORD-10241,2024-12-31,C01312,Credit Card,11.18
ORD-10808,2024-12-31,C01313,Cash on Delivery,19.75
ORD-10899,2025-01-01,C00084,PayPal,6.95
ORD-11129,2025-01-01,C01314,Cash on Delivery,8.33
ORD-10026,2025-01-02,C01315,Bank Transfer,16.34
ORD-11083,2025-01-02,C01316,PayPal,10.77
ORD-10948,2025-01-03,C01317,PayPal,6.46
ORD-11036,2025-01-03,C01318,Credit Card,16.97
ORD-11331,2025-01-03,C01319,Bank Transfer,8.87
ORD-10975,2025-01-04,C01320,PayPal,16.49
ORD-10074,2025-01-05,C01321,Cash on Delivery,8.1
ORD-11866,2025-01-05,C01322,Credit Card,11.17
ORD-10807,2025-01-06,C01323,PayPal,12.83
ORD-11852,2025-01-06,C01324,PayPal,7.27
ORD-10259,2025-01-08,C01325,Credit Card,7.24
ORD-10973,2025-01-08,C01326,Bank Transfer,12.39
ORD-10497,2025-01-09,C01327,Bank Transfer,11.24
ORD-11804,2025-01-09,C01328,Credit Card,7.69
ORD-11381,2025-01-10,C01329,Credit Card,12.36
ORD-10668,2025-01-11,C01330,Credit Card,19.04
ORD-10970,2025-01-12,C01331,Cash on Delivery,24.76
ORD-11364,2025-01-12,C01332,Credit Card,6.7
ORD-10699,2025-01-14,C01333,Bank Transfer,11.11
ORD-11901,2025-01-16,C01334,Credit Card,12.32
ORD-11236,2025-01-17,C01335,Credit Card,15.55
ORD-10215,2025-01-18,C01336,Credit Card,14.18
ORD-10702,2025-01-19,C01337,Credit Card,13.02
ORD-11730,2025-01-19,C01338,Bank Transfer,12.84
ORD-11359,2025-01-20,C01339,Credit Card,14.34
ORD-11600,2025-01-20,C01340,Credit Card,11.24
ORD-11282,2025-01-21,C01341,Bank Transfer,12.81
ORD-11421,2025-01-22,C01342,Bank Transfer,21.92
ORD-10655,2025-01-24,C01343,Cash on Delivery,14.1
ORD-11194,2025-01-24,C01344,Cash on Delivery,10.33
ORD-11403,2025-01-24,C01345,Bank Transfer,11.33
ORD-11606,2025-01-24,C01346,PayPal,12.59
ORD-10601,2025-01-25,C01347,PayPal,15.65
ORD-10022,2025-01-26,C01348,Credit Card,18.23
ORD-10249,2025-01-26,C01349,Bank Transfer,5.62
ORD-11042,2025-01-26,C01350,Credit Card,11.3
ORD-11893,2025-01-26,C01351,Cash on Delivery,9.88
ORD-11930,2025-01-26,C01352,Credit Card,9.37
ORD-11957,2025-01-26,C01353,Bank Transfer,10.11
ORD-11351,2025-01-29,C01354,Credit Card,27.31
ORD-11115,2025-01-30,C01355,Credit Card,8.78
ORD-11122,2025-02-01,C01356,PayPal,12.95
ORD-11138,2025-02-02,C01357,Bank Transfer,9.22
ORD-10308,2025-02-03,C01358,PayPal,11.29
ORD-10644,2025-02-03,C01359,Cash on Delivery,12.24
ORD-10805,2025-02-05,C01360,PayPal,18.91
ORD-10993,2025-02-05,C01361,Cash on Delivery,17.46
ORD-11056,2025-02-05,C01362,Credit Card,9.59
ORD-11509,2025-02-05,C01363,PayPal,18.6
ORD-11689,2025-02-07,C01364,PayPal,11.7
ORD-11732,2025-02-07,C01365,Cash on Delivery,14.51
ORD-10604,2025-02-08,C01366,Credit Card,9.73
ORD-11436,2025-02-08,C01367,Bank Transfer,10.86
ORD-10802,2025-02-10,C01368,Credit Card,23.41
ORD-11496,2025-02-10,C01369,Bank Transfer,11.04
ORD-10611,2025-02-11,C01370,PayPal,6.09
ORD-11694,2025-02-11,C01371,Cash on Delivery,6.71
ORD-10506,2025-02-12,C01372,Credit Card,7.17
ORD-10509,2025-02-12,C01373,PayPal,6.17
ORD-11744,2025-02-14,C01374,Credit Card,12.28
ORD-11876,2025-02-14,C01375,Credit Card,7.99
ORD-10814,2025-02-15,C01376,Bank Transfer,6.5
ORD-11350,2025-02-15,C01377,Credit Card,7.29
ORD-11408,2025-02-17,C01378,Credit Card,25.97
ORD-11839,2025-02-18,C01379,PayPal,8.73
ORD-10079,2025-02-19,C01380,Credit Card,16.16
ORD-11001,2025-02-20,C01381,Cash on Delivery,11.16
ORD-11801,2025-02-20,C01382,Credit Card,10.87
ORD-11897,2025-02-20,C01383,Credit Card,8.72
ORD-11919,2025-02-20,C01384,PayPal,8.94
ORD-10730,2025-02-21,C01385,Credit Card,7.27
ORD-11412,2025-02-21,C01386,Credit Card,10.07
ORD-10873,2025-02-22,C01387,Credit Card,12.34
ORD-11472,2025-02-22,C01388,Cash on Delivery,7.89
ORD-11818,2025-02-24,C01389,Cash on Delivery,9.29
ORD-10035,2025-02-25,C01390,Credit Card,21.34
ORD-11120,2025-02-25,C01391,PayPal,24.75
ORD-10647,2025-02-26,C01392,Credit Card,7.16
ORD-11796,2025-02-26,C01393,Bank Transfer,10.49
ORD-10657,2025-02-27,C01394,Credit Card,23.53
ORD-11443,2025-02-28,C01395,Credit Card,6.98
ORD-10481,2025-03-01,C01396,Cash on Delivery,12.86
ORD-11017,2025-03-01,C01397,Credit Card,13.41
ORD-11755,2025-03-03,C01398,Credit Card,15.34
ORD-10317,2025-03-05,C01399,PayPal,16.75
ORD-11275,2025-03-05,C01400,Cash on Delivery,16.73
ORD-11471,2025-03-05,C01401,Credit Card,6.08
ORD-11595,2025-03-05,C01402,PayPal,7.41
ORD-11821,2025-03-06,C01403,PayPal,9.25
ORD-10905,2025-03-07,C01404,Bank Transfer,11.85
ORD-11427,2025-03-07,C01405,Credit Card,10.4
ORD-11511,2025-03-07,C01406,Bank Transfer,7.84
ORD-11727,2025-03-08,C01407,Cash on Delivery,15.96
ORD-10519,2025-03-09,C01408,PayPal,8.05
ORD-11845,2025-03-09,C01409,Credit Card,5.52
ORD-11166,2025-03-10,C01410,Credit Card,12.47
ORD-10619,2025-03-11,C01411,Cash on Delivery,12.32
ORD-11249,2025-03-12,C01412,Credit Card,24.56
ORD-11308,2025-03-14,C01413,Bank Transfer,6.21
ORD-10159,2025-03-15,C01414,Bank Transfer,12.13
ORD-10247,2025-03-15,C01415,PayPal,7.15
ORD-10444,2025-03-15,C01416,PayPal,8.42
ORD-10136,2025-03-16,C01417,Bank Transfer,8.7
ORD-10387,2025-03-16,C01418,Credit Card,11.91
ORD-10751,2025-03-16,C01419,PayPal,22.61
ORD-11820,2025-03-17,C01420,PayPal,12.7
ORD-10538,2025-03-18,C01421,PayPal,11.16
ORD-11584,2025-03-18,C01422,PayPal,15.81
ORD-11281,2025-03-19,C01423,PayPal,7.31
ORD-10348,2025-03-20,C01424,Cash on Delivery,11.5
ORD-10585,2025-03-20,C01425,Bank Transfer,15.57
ORD-10889,2025-03-21,C01426,Cash on Delivery,11.87
ORD-10987,2025-03-22,C01427,PayPal,11.19
ORD-11487,2025-03-22,C01428,PayPal,8.98
ORD-11238,2025-03-25,C01429,PayPal,7.91
ORD-10894,2025-03-26,C01430,PayPal,10.62
ORD-11005,2025-03-26,C01431,Credit Card,16.36
ORD-11310,2025-03-26,C01432,Credit Card,13.88
ORD-11862,2025-03-26,C01433,Credit Card,11.71
ORD-11221,2025-03-27,C01434,Bank Transfer,15.42
ORD-11757,2025-03-27,C01435,PayPal,10.69
ORD-11860,2025-03-27,C01436,PayPal,9.1
ORD-10337,2025-03-28,C01437,PayPal,5.94
ORD-11695,2025-03-29,C01438,Credit Card,10.37
ORD-10774,2025-03-30,C01439,PayPal,17.34
ORD-11193,2025-03-30,C01440,Credit Card,9.46
ORD-10331,2025-03-31,C01441,Credit Card,16.44
ORD-10704,2025-03-31,C01442,Bank Transfer,9.26
ORD-11754,2025-03-31,C01443,Bank Transfer,23.11
ORD-10976,2025-04-01,C01444,Bank Transfer,21.4
ORD-10087,2025-04-02,C01445,PayPal,10.29
ORD-11637,2025-04-02,C01446,Credit Card,6.89
ORD-11935,2025-04-02,C01447,PayPal,39.83
ORD-10541,2025-04-04,C01448,Credit Card,11.34
ORD-11429,2025-04-04,C01449,Cash on Delivery,11.92
ORD-11614,2025-04-04,C01450,PayPal,10.77
ORD-11856,2025-04-04,C01451,PayPal,12.38
ORD-10255,2025-04-05,C01452,PayPal,9.52
ORD-10906,2025-04-05,C01453,Credit Card,13.76
ORD-11368,2025-04-05,C01454,Bank Transfer,20.84
ORD-10300,2025-04-06,C01455,Cash on Delivery,11.35
ORD-10803,2025-04-06,C01456,Cash on Delivery,7.71
ORD-10264,2025-04-07,C01457,PayPal,13.08
ORD-10615,2025-04-07,C01458,Cash on Delivery,7.48
ORD-11666,2025-04-07,C01459,Bank Transfer,10.08
ORD-10778,2025-04-08,C01460,Credit Card,13.94
ORD-11647,2025-04-08,C01461,Bank Transfer,12.63
ORD-11591,2025-04-09,C01462,Credit Card,7.59
ORD-11057,2025-04-10,C01463,Credit Card,20.24
ORD-11127,2025-04-10,C01464,Credit Card,10.27
ORD-11410,2025-04-10,C01465,PayPal,18.0
ORD-10123,2025-04-11,C01466,Credit Card,12.06
ORD-11126,2025-04-11,C01467,Credit Card,24.65
ORD-11157,2025-04-11,C01468,Credit Card,13.96
ORD-11219,2025-04-11,C01469,PayPal,11.69
ORD-11438,2025-04-11,C01470,Credit Card,9.29
ORD-11493,2025-04-11,C01471,Bank Transfer,11.01
ORD-10684,2025-04-12,C01472,PayPal,5.69
ORD-11089,2025-04-12,C01473,PayPal,8.95
ORD-11190,2025-04-12,C01474,Cash on Delivery,13.84
ORD-11312,2025-04-12,C01475,Credit Card,11.24
ORD-11485,2025-04-12,C01476,Credit Card,10.39
ORD-10148,2025-04-13,C01477,PayPal,11.14
ORD-10679,2025-04-13,C01478,Credit Card,11.48
ORD-11027,2025-04-13,C01479,Credit Card,12.91
ORD-10990,2025-04-14,C01480,Bank Transfer,12.42
ORD-11848,2025-04-14,C01481,Credit Card,6.82
ORD-10080,2025-04-16,C01482,Cash on Delivery,12.39
ORD-10187,2025-04-17,C01483,Bank Transfer,12.93
ORD-10198,2025-04-17,C01484,Bank Transfer,14.26
ORD-11003,2025-04-18,C01485,Bank Transfer,10.76
ORD-11524,2025-04-18,C01486,Cash on Delivery,6.05
ORD-11540,2025-04-18,C01487,PayPal,27.39
ORD-11554,2025-04-18,C01488,Credit Card,11.25
ORD-11278,2025-04-19,C01489,Credit Card,11.71
ORD-11829,2025-04-19,C01162,PayPal,15.1
ORD-10966,2025-04-20,C01490,Credit Card,22.01
ORD-11078,2025-04-20,C01491,Credit Card,17.05
ORD-11656,2025-04-20,C01492,Cash on Delivery,14.4
ORD-10634,2025-04-21,C01493,Cash on Delivery,32.07
ORD-11841,2025-04-21,C01494,Bank Transfer,6.6
ORD-10172,2025-04-22,C01495,PayPal,9.51
ORD-10626,2025-04-22,C01496,Bank Transfer,13.02
ORD-11577,2025-04-22,C01497,PayPal,9.02
ORD-10027,2025-04-24,C01498,Credit Card,12.94
ORD-11416,2025-04-25,C01499,PayPal,16.36
ORD-11879,2025-04-25,C01500,Credit Card,12.1
ORD-10854,2025-04-26,C01501,Credit Card,12.38
ORD-10244,2025-04-27,C01502,PayPal,11.15
ORD-10756,2025-04-27,C01503,PayPal,8.53
ORD-10289,2025-04-28,C01504,PayPal,20.75
ORD-10982,2025-04-28,C01505,PayPal,8.3
ORD-11772,2025-04-28,C01506,PayPal,18.77
ORD-10371,2025-04-30,C01507,Credit Card,11.8
ORD-10856,2025-04-30,C01508,Credit Card,7.09
ORD-10191,2025-05-01,C01509,PayPal,17.11
ORD-11469,2025-05-01,C01510,Cash on Delivery,15.18
ORD-11952,2025-05-01,C01511,Credit Card,8.56
ORD-11041,2025-05-02,C01512,PayPal,10.47
ORD-11317,2025-05-02,C01513,Credit Card,16.81
ORD-11405,2025-05-03,C01514,Credit Card,10.52
ORD-11819,2025-05-03,C01515,Bank Transfer,13.99
ORD-10293,2025-05-04,C01516,Credit Card,16.27
ORD-10485,2025-05-04,C01517,PayPal,19.21
ORD-10490,2025-05-04,C01518,PayPal,12.2
ORD-11756,2025-05-04,C01519,Bank Transfer,7.3
ORD-10135,2025-05-06,C01520,Credit Card,12.04
ORD-10698,2025-05-06,C01521,Credit Card,11.14
ORD-10911,2025-05-06,C01522,PayPal,11.72
ORD-11206,2025-05-06,C01523,PayPal,9.35
ORD-11578,2025-05-07,C01524,PayPal,10.89
ORD-11677,2025-05-07,C01525,Credit Card,10.58
ORD-10081,2025-05-08,C01526,Cash on Delivery,15.93
ORD-10618,2025-05-08,C01527,PayPal,13.7
ORD-11389,2025-05-08,C01528,PayPal,18.68
ORD-11495,2025-05-08,C01529,Credit Card,14.46
ORD-11913,2025-05-08,C01530,PayPal,12.87
ORD-10002,2025-05-09,C01531,PayPal,14.74
ORD-10324,2025-05-09,C01532,Bank Transfer,6.73
ORD-10849,2025-05-09,C01533,PayPal,14.83
ORD-10039,2025-05-10,C01534,PayPal,8.65
ORD-10158,2025-05-10,C01535,Cash on Delivery,12.28
ORD-10267,2025-05-11,C01536,Credit Card,11.21
ORD-11873,2025-05-11,C01537,PayPal,12.29
ORD-10692,2025-05-12,C01538,Credit Card,6.83
ORD-11014,2025-05-12,C01539,Credit Card,7.45
ORD-11563,2025-05-12,C01540,Credit Card,8.55
ORD-10764,2025-05-13,C01541,PayPal,13.21
ORD-11386,2025-05-13,C01542,Cash on Delivery,6.58
ORD-11397,2025-05-13,C01543,Bank Transfer,16.39
ORD-11538,2025-05-13,C01544,Credit Card,8.71
ORD-11978,2025-05-13,C01545,PayPal,11.13
ORD-11989,2025-05-13,C01546,Credit Card,15.14
ORD-11459,2025-05-14,C01547,Credit Card,15.69
ORD-10789,2025-05-15,C01548,PayPal,15.77
ORD-11076,2025-05-15,C01549,Credit Card,31.4
ORD-11611,2025-05-15,C01550,Credit Card,11.11
ORD-10470,2025-05-16,C01551,PayPal,9.32
ORD-11729,2025-05-16,C01552,Cash on Delivery,19.06
ORD-11916,2025-05-16,C01553,PayPal,15.43
ORD-10328,2025-05-17,C01554,Bank Transfer,10.31
ORD-10583,2025-05-17,C01555,Credit Card,7.16
ORD-10482,2025-05-18,C01556,PayPal,7.75
ORD-10685,2025-05-18,C01557,PayPal,16.83
ORD-10946,2025-05-18,C01558,Cash on Delivery,5.77
ORD-11954,2025-05-18,C01559,Cash on Delivery,13.38
ORD-10492,2025-05-20,C01560,Credit Card,7.93
ORD-10851,2025-05-20,C01561,Credit Card,17.69
ORD-11521,2025-05-20,C01562,PayPal,24.79
ORD-11571,2025-05-20,C01563,Bank Transfer,12.69
ORD-11528,2025-05-21,C01564,Bank Transfer,6.33
ORD-10122,2025-05-22,C01565,Cash on Delivery,8.21
ORD-10612,2025-05-22,C01566,Credit Card,13.32
ORD-10163,2025-05-24,C01567,Credit Card,27.64
ORD-10406,2025-05-24,C01568,PayPal,16.06
ORD-10507,2025-05-26,C01569,Credit Card,7.97
ORD-11235,2025-05-27,C01570,Credit Card,18.51
ORD-10194,2025-05-29,C01571,Credit Card,8.13
ORD-10206,2025-05-29,C01572,PayPal,16.94
ORD-10209,2025-05-29,C01573,PayPal,11.86
ORD-10762,2025-05-29,C01574,Credit Card,5.79
ORD-10390,2025-05-30,C01575,PayPal,8.91
ORD-10534,2025-05-30,C01576,Cash on Delivery,16.63
ORD-11645,2025-05-30,C01577,PayPal,21.91
ORD-11536,2025-05-31,C01578,Bank Transfer,9.22
ORD-11725,2025-05-31,C01579,Credit Card,15.54
ORD-10181,2025-06-01,C01580,PayPal,6.61
ORD-10423,2025-06-01,C01581,PayPal,6.69
ORD-10784,2025-06-01,C01582,Cash on Delivery,26.88
ORD-11616,2025-06-02,C01583,Credit Card,6.12
ORD-10597,2025-06-03,C01584,Bank Transfer,8.38
ORD-10974,2025-06-03,C01585,Credit Card,6.16
ORD-11013,2025-06-03,C01586,Cash on Delivery,11.41
ORD-11486,2025-06-03,C01587,Credit Card,8.12
ORD-10622,2025-06-04,C01588,Bank Transfer,13.72
ORD-11736,2025-06-04,C01589,PayPal,15.24
ORD-11844,2025-06-05,C01590,Cash on Delivery,13.55
ORD-11985,2025-06-05,C01591,PayPal,16.65
ORD-10777,2025-06-06,C01592,Credit Card,15.06
ORD-11116,2025-06-06,C01593,Cash on Delivery,17.1
ORD-10270,2025-06-07,C01594,Bank Transfer,13.7
ORD-11392,2025-06-07,C01595,Credit Card,8.6
ORD-11662,2025-06-07,C01596,Credit Card,6.69
ORD-11722,2025-06-07,C01597,PayPal,10.38
ORD-11050,2025-06-08,C01598,Credit Card,14.15
ORD-11800,2025-06-08,C01599,Credit Card,14.2
ORD-10304,2025-06-10,C01600,Credit Card,12.16
ORD-10428,2025-06-10,C01601,Bank Transfer,9.35
ORD-11134,2025-06-10,C01602,PayPal,9.58
ORD-11313,2025-06-11,C01603,PayPal,6.55
ORD-11243,2025-06-12,C01604,Cash on Delivery,7.89
ORD-11097,2025-06-14,C01605,Credit Card,11.49
ORD-11105,2025-06-14,C01606,Credit Card,16.53
ORD-11878,2025-06-14,C01607,Bank Transfer,9.88
ORD-10357,2025-06-16,C01608,Bank Transfer,6.34
ORD-11377,2025-06-16,C01609,PayPal,10.52
ORD-10617,2025-06-17,C01610,Bank Transfer,10.11
ORD-10797,2025-06-18,C01611,Bank Transfer,11.78
ORD-10886,2025-06-18,C01612,Credit Card,12.79
ORD-11185,2025-06-18,C01613,Credit Card,9.44
ORD-11382,2025-06-18,C01614,PayPal,15.51
ORD-10870,2025-06-19,C01615,Credit Card,9.86
ORD-10535,2025-06-20,C01616,PayPal,9.83
ORD-10570,2025-06-20,C01617,PayPal,10.02
ORD-11320,2025-06-20,C01618,Credit Card,8.36
ORD-10735,2025-06-21,C01619,Credit Card,12.02
ORD-10200,2025-06-22,C01620,Cash on Delivery,11.57
ORD-10776,2025-06-22,C01621,Credit Card,8.78
ORD-11022,2025-06-22,C01622,Credit Card,10.84
ORD-10033,2025-06-23,C01623,PayPal,18.86
ORD-11875,2025-06-23,C01624,PayPal,7.8
ORD-11958,2025-06-23,C01625,Credit Card,8.09
ORD-10564,2025-06-24,C01626,Credit Card,20.02
ORD-10630,2025-06-24,C01627,Credit Card,16.12
ORD-10639,2025-06-24,C01628,Credit Card,8.77
ORD-11585,2025-06-24,C01629,PayPal,7.08
ORD-11963,2025-06-24,C01630,Cash on Delivery,10.31
ORD-10522,2025-06-25,C01631,Bank Transfer,25.98
ORD-11032,2025-06-25,C01632,PayPal,33.82
ORD-11425,2025-06-25,C01633,Credit Card,6.51
ORD-11602,2025-06-25,C01634,Cash on Delivery,13.62
ORD-11865,2025-06-25,C01635,Credit Card,11.76
ORD-11907,2025-06-25,C01636,Credit Card,15.34
ORD-10232,2025-06-27,C01637,PayPal,8.51
ORD-10829,2025-06-27,C00805,PayPal,9.29
ORD-10914,2025-06-27,C01638,Credit Card,12.12
ORD-10656,2025-06-28,C01639,Cash on Delivery,16.42
ORD-11872,2025-06-28,C01640,PayPal,25.7
ORD-10834,2025-06-30,C01641,PayPal,9.66
ORD-11775,2025-06-30,C01642,Cash on Delivery,11.41
ORD-10479,2025-07-02,C01643,Cash on Delivery,12.78
ORD-10161,2025-07-03,C01644,Bank Transfer,6.58
ORD-10596,2025-07-03,C01645,PayPal,25.24
ORD-11574,2025-07-03,C01646,Cash on Delivery,8.91
ORD-10859,2025-07-04,C01647,Credit Card,8.52
ORD-10285,2025-07-06,C01648,Credit Card,6.81
ORD-10995,2025-07-06,C01649,PayPal,9.42
ORD-11291,2025-07-06,C01650,PayPal,16.63
ORD-11983,2025-07-06,C01651,PayPal,17.42
ORD-10553,2025-07-07,C01652,PayPal,15.88
ORD-11640,2025-07-07,C01653,PayPal,14.95
ORD-10101,2025-07-08,C01654,Credit Card,38.3
ORD-11004,2025-07-08,C01655,Credit Card,11.08
ORD-11114,2025-07-10,C01656,Credit Card,8.07
ORD-11388,2025-07-12,C01657,PayPal,11.69
ORD-10526,2025-07-13,C01658,Credit Card,15.4
ORD-10740,2025-07-13,C01659,Cash on Delivery,11.25
ORD-11305,2025-07-13,C01660,Cash on Delivery,17.33
ORD-11937,2025-07-13,C01661,Bank Transfer,9.75
ORD-10959,2025-07-14,C01662,Bank Transfer,14.18
ORD-11527,2025-07-14,C01663,Cash on Delivery,9.2
ORD-10192,2025-07-15,C01664,Credit Card,11.74
ORD-10465,2025-07-15,C01665,Credit Card,9.4
ORD-10782,2025-07-15,C01666,Credit Card,9.46
ORD-11016,2025-07-15,C01667,PayPal,9.28
ORD-11150,2025-07-16,C01668,PayPal,32.57
ORD-11213,2025-07-16,C01669,Cash on Delivery,12.29
ORD-11630,2025-07-16,C01670,PayPal,11.67
ORD-10089,2025-07-17,C01671,PayPal,9.81
ORD-10598,2025-07-17,C01672,Bank Transfer,18.5
ORD-10094,2025-07-18,C01673,Cash on Delivery,8.38
ORD-11072,2025-07-18,C01674,PayPal,19.7
ORD-10603,2025-07-19,C01675,PayPal,22.09
ORD-10875,2025-07-19,C01676,Credit Card,9.83
ORD-11516,2025-07-19,C01677,Credit Card,9.09
ORD-11854,2025-07-19,C01678,Cash on Delivery,8.85
ORD-10205,2025-07-20,C01679,Cash on Delivery,13.8
ORD-10334,2025-07-20,C01680,PayPal,10.62
ORD-10895,2025-07-20,C01681,Credit Card,10.98
ORD-11012,2025-07-20,C01682,Bank Transfer,17.52
ORD-11063,2025-07-21,C01683,Credit Card,8.25
ORD-10036,2025-07-23,C01684,Cash on Delivery,38.8
ORD-10280,2025-07-23,C01685,Credit Card,11.82
ORD-11214,2025-07-23,C01686,Cash on Delivery,14.8
ORD-10065,2025-07-24,C01687,Credit Card,12.32
ORD-10934,2025-07-24,C01688,Bank Transfer,8.01
ORD-11400,2025-07-24,C01689,Credit Card,9.76
ORD-10115,2025-07-25,C01690,Credit Card,5.98
ORD-11977,2025-07-25,C01691,Credit Card,10.25
ORD-10683,2025-07-26,C01692,Cash on Delivery,13.07
ORD-10913,2025-07-26,C01693,Credit Card,15.31
ORD-11241,2025-07-26,C01694,Cash on Delivery,10.72
ORD-11525,2025-07-26,C01695,PayPal,26.4
ORD-11923,2025-07-26,C01696,Credit Card,11.23
ORD-10226,2025-07-27,C01697,PayPal,10.87
ORD-10477,2025-07-27,C01698,Bank Transfer,12.81
ORD-10746,2025-07-28,C01699,PayPal,8.07
ORD-11095,2025-07-29,C01700,PayPal,10.25
ORD-11838,2025-07-29,C01701,Cash on Delivery,10.2
ORD-11118,2025-07-31,C01702,PayPal,7.75
ORD-11439,2025-07-31,C01703,Credit Card,11.77
ORD-10770,2025-08-01,C01704,PayPal,22.16
ORD-11176,2025-08-01,C01705,Credit Card,7.32
ORD-10310,2025-08-02,C01706,PayPal,11.95
ORD-10397,2025-08-02,C01707,Bank Transfer,11.78
ORD-11289,2025-08-03,C01708,Credit Card,7.07
ORD-10627,2025-08-04,C01709,Credit Card,11.47
ORD-10410,2025-08-05,C01710,PayPal,12.63
ORD-11465,2025-08-05,C01711,Bank Transfer,11.47
ORD-11264,2025-08-06,C01712,PayPal,7.02
ORD-11619,2025-08-06,C01713,Cash on Delivery,10.67
ORD-10670,2025-08-07,C01714,Credit Card,11.96
ORD-10118,2025-08-09,C01715,PayPal,19.31
ORD-11621,2025-08-09,C01716,Credit Card,6.35
ORD-10985,2025-08-10,C01717,Cash on Delivery,11.26
ORD-11180,2025-08-10,C01718,Bank Transfer,10.84
ORD-10763,2025-08-11,C01719,PayPal,14.11
ORD-11112,2025-08-13,C01720,Bank Transfer,14.99
ORD-10369,2025-08-16,C01721,Bank Transfer,21.72
ORD-10800,2025-08-16,C01722,PayPal,31.33
ORD-11420,2025-08-16,C01723,Bank Transfer,15.11
ORD-11366,2025-08-17,C01724,Credit Card,13.58
ORD-10393,2025-08-18,C01725,Credit Card,6.66
ORD-11899,2025-08-20,C01726,Credit Card,9.71
ORD-10028,2025-08-21,C01727,PayPal,12.68
ORD-11669,2025-08-22,C01728,Cash on Delivery,6.34
ORD-10451,2025-08-23,C01729,Credit Card,10.38
ORD-10221,2025-08-24,C01730,Bank Transfer,26.06
ORD-11905,2025-08-24,C01731,Bank Transfer,21.15
ORD-10781,2025-08-25,C01732,Credit Card,27.16
ORD-11354,2025-08-25,C01733,PayPal,13.11
ORD-10287,2025-08-26,C01734,Credit Card,9.94
ORD-10164,2025-08-27,C01735,PayPal,16.32
ORD-10739,2025-08-27,C01736,PayPal,16.36
ORD-10307,2025-08-28,C01737,Cash on Delivery,10.18
ORD-10610,2025-08-28,C01738,Cash on Delivery,13.57
ORD-11971,2025-08-28,C01739,Credit Card,7.24
ORD-10458,2025-08-29,C01740,PayPal,6.07
ORD-11140,2025-08-29,C01741,Credit Card,14.7
ORD-10037,2025-08-30,C01742,Credit Card,9.94
ORD-11894,2025-08-31,C01743,Credit Card,16.07
ORD-10486,2025-09-01,C01744,PayPal,12.1
ORD-10351,2025-09-02,C01745,PayPal,14.19
ORD-10798,2025-09-02,C01746,Credit Card,27.35
ORD-10965,2025-09-02,C01747,PayPal,10.83
ORD-11990,2025-09-02,C01748,Credit Card,13.33
ORD-10986,2025-09-03,C01749,Credit Card,11.1
ORD-11620,2025-09-03,C01750,Bank Transfer,5.86
ORD-10771,2025-09-05,C01751,Credit Card,12.14
ORD-11087,2025-09-05,C01752,Credit Card,13.18
ORD-11075,2025-09-06,C01753,Credit Card,10.42
ORD-10053,2025-09-07,C01754,Credit Card,10.46
ORD-11086,2025-09-07,C01755,Credit Card,17.43
ORD-10166,2025-09-08,C01756,Bank Transfer,18.04
ORD-10185,2025-09-08,C01757,PayPal,12.96
ORD-10234,2025-09-08,C01758,Credit Card,11.19
ORD-10145,2025-09-09,C01759,Credit Card,15.87
ORD-10671,2025-09-09,C01760,PayPal,8.79
ORD-11794,2025-09-09,C01761,Bank Transfer,12.78
ORD-10111,2025-09-11,C01762,Credit Card,14.0
ORD-10643,2025-09-11,C01763,Cash on Delivery,7.51
ORD-11831,2025-09-14,C01764,Bank Transfer,12.13
ORD-10555,2025-09-15,C01765,PayPal,16.16
ORD-11046,2025-09-15,C01766,Credit Card,13.8
ORD-11931,2025-09-15,C01767,Cash on Delivery,30.73
ORD-10133,2025-09-16,C01768,PayPal,8.38
ORD-10282,2025-09-16,C01769,Credit Card,14.62
ORD-10290,2025-09-16,C01770,PayPal,5.71
ORD-10862,2025-09-16,C01771,Credit Card,6.51
ORD-11715,2025-09-16,C01772,PayPal,9.73
ORD-11753,2025-09-16,C01773,PayPal,8.2
ORD-10047,2025-09-17,C01774,Cash on Delivery,11.04
ORD-10235,2025-09-19,C01775,Credit Card,9.28
ORD-10386,2025-09-19,C01776,Bank Transfer,6.62
ORD-10501,2025-09-19,C01777,PayPal,10.49
ORD-10628,2025-09-19,C01778,Bank Transfer,7.78
ORD-11748,2025-09-19,C01779,PayPal,13.93
ORD-10536,2025-09-20,C01780,Cash on Delivery,11.81
ORD-10653,2025-09-22,C01781,Credit Card,12.37
ORD-11721,2025-09-22,C01782,Cash on Delivery,9.77
ORD-10548,2025-09-23,C01783,Credit Card,14.16
ORD-10940,2025-09-23,C01784,Cash on Delivery,26.58
ORD-11541,2025-09-23,C01785,Credit Card,11.16
ORD-10313,2025-09-24,C01786,Cash on Delivery,9.15
ORD-10319,2025-09-24,C00156,PayPal,17.72
ORD-10269,2025-09-25,C01787,Bank Transfer,9.92
ORD-10505,2025-09-25,C01788,PayPal,13.58
ORD-10960,2025-09-25,C01789,Credit Card,11.15
ORD-11040,2025-09-25,C01790,PayPal,8.91
ORD-10552,2025-09-26,C01791,Cash on Delivery,8.25
ORD-10689,2025-09-26,C01792,Cash on Delivery,12.02
ORD-10972,2025-09-26,C01793,PayPal,12.8
ORD-10170,2025-09-27,C01794,Credit Card,26.78
ORD-11044,2025-09-27,C01795,Credit Card,10.58
ORD-10850,2025-09-28,C01796,PayPal,9.4
ORD-11071,2025-09-28,C01797,PayPal,11.57
ORD-10195,2025-09-29,C01798,Bank Transfer,11.78
ORD-10204,2025-09-29,C01799,Bank Transfer,15.18
ORD-10542,2025-09-29,C01800,Bank Transfer,17.04
ORD-10368,2025-09-30,C01801,Cash on Delivery,10.28
ORD-11945,2025-09-30,C01802,Cash on Delivery,14.34
ORD-10179,2025-10-01,C01803,Credit Card,12.64
ORD-10299,2025-10-01,C01804,Credit Card,13.7
ORD-11130,2025-10-01,C01805,Credit Card,19.35
ORD-11984,2025-10-01,C01806,PayPal,13.67
ORD-11703,2025-10-02,C01807,PayPal,21.64
ORD-10918,2025-10-03,C01808,Credit Card,10.6
ORD-11055,2025-10-03,C01809,Credit Card,6.66
ORD-11567,2025-10-03,C01810,Bank Transfer,9.51
ORD-10649,2025-10-04,C01811,PayPal,9.15
ORD-10238,2025-10-05,C01812,PayPal,9.94
ORD-10719,2025-10-05,C01813,PayPal,11.97
ORD-10890,2025-10-05,C01814,Credit Card,7.89
ORD-11052,2025-10-05,C01815,Bank Transfer,10.24
ORD-11200,2025-10-05,C01816,Credit Card,28.7
ORD-11081,2025-10-07,C01817,Credit Card,12.46
ORD-11832,2025-10-07,C01818,Credit Card,10.71
ORD-10836,2025-10-09,C01819,Credit Card,12.19
ORD-10981,2025-10-09,C01820,Credit Card,10.93
ORD-11230,2025-10-09,C01821,Cash on Delivery,11.84
ORD-11975,2025-10-09,C01822,Bank Transfer,16.97
ORD-10214,2025-10-10,C01823,Cash on Delivery,16.37
ORD-11024,2025-10-10,C01824,Credit Card,9.88
ORD-11096,2025-10-10,C01825,Credit Card,12.8
ORD-11285,2025-10-10,C01826,PayPal,7.43
ORD-10068,2025-10-11,C01827,PayPal,15.75
ORD-10099,2025-10-11,C01828,Credit Card,11.99
ORD-10284,2025-10-12,C01829,PayPal,7.11
ORD-10930,2025-10-12,C01830,Credit Card,19.9
ORD-11283,2025-10-13,C01831,Cash on Delivery,11.64
ORD-11051,2025-10-14,C01832,Credit Card,10.93
ORD-11201,2025-10-14,C01833,Bank Transfer,11.22
ORD-11266,2025-10-14,C01834,PayPal,9.93
ORD-11360,2025-10-14,C01835,Cash on Delivery,11.49
ORD-11842,2025-10-14,C01836,Credit Card,12.77
ORD-10097,2025-10-15,C01837,PayPal,11.85
ORD-11482,2025-10-16,C01838,Cash on Delivery,17.31
ORD-11752,2025-10-16,C01839,Credit Card,18.57
ORD-10502,2025-10-17,C01840,Credit Card,11.98
ORD-11192,2025-10-17,C01841,Credit Card,10.11
ORD-11691,2025-10-17,C01842,Cash on Delivery,18.99
ORD-10733,2025-10-18,C01843,Credit Card,10.31
ORD-10809,2025-10-18,C01844,Bank Transfer,6.08
ORD-10125,2025-10-19,C01845,PayPal,9.65
ORD-10743,2025-10-19,C01846,Cash on Delivery,14.78
ORD-10175,2025-10-20,C01847,Credit Card,18.34
ORD-11232,2025-10-20,C01848,Cash on Delivery,11.78
ORD-10431,2025-10-21,C01849,Bank Transfer,9.35
ORD-10729,2025-10-21,C01850,PayPal,16.64
ORD-11215,2025-10-21,C01851,Credit Card,14.35
ORD-11197,2025-10-22,C00350,Credit Card,28.8
ORD-10216,2025-10-23,C01852,Credit Card,8.73
ORD-10731,2025-10-24,C01853,Credit Card,25.57
ORD-10251,2025-10-25,C01854,Bank Transfer,9.96
ORD-11679,2025-10-25,C01855,PayPal,8.65
ORD-10019,2025-10-26,C01856,PayPal,13.72
ORD-11773,2025-10-26,C01857,PayPal,18.01
ORD-11593,2025-10-27,C01858,PayPal,10.6
ORD-11605,2025-10-27,C01859,Bank Transfer,20.61
ORD-11010,2025-10-28,C01860,Credit Card,15.11
ORD-11334,2025-10-28,C01861,PayPal,11.97
ORD-11646,2025-10-28,C01862,Cash on Delivery,15.75
ORD-11500,2025-10-29,C01863,PayPal,11.54
ORD-11531,2025-10-30,C01864,PayPal,13.11
ORD-11972,2025-10-30,C01865,Credit Card,11.43
ORD-10566,2025-10-31,C01866,Bank Transfer,8.5
ORD-11915,2025-10-31,C01867,Cash on Delivery,8.25
ORD-11125,2025-11-01,C01868,PayPal,11.65
ORD-11490,2025-11-01,C01869,Bank Transfer,27.0
ORD-11608,2025-11-01,C01870,PayPal,18.67
ORD-11119,2025-11-02,C01871,Bank Transfer,7.76
ORD-11743,2025-11-02,C01872,Cash on Delivery,7.91
ORD-10858,2025-11-03,C01873,Bank Transfer,17.13
ORD-11256,2025-11-03,C01874,Bank Transfer,8.55
ORD-11940,2025-11-03,C01875,PayPal,21.12
ORD-11987,2025-11-04,C01876,PayPal,8.92
ORD-11474,2025-11-05,C01877,PayPal,22.05
ORD-10971,2025-11-06,C01878,Credit Card,7.11
ORD-11413,2025-11-06,C01879,Credit Card,15.15
ORD-11492,2025-11-06,C01880,Credit Card,6.96
ORD-11741,2025-11-07,C01881,Credit Card,18.68
ORD-10139,2025-11-08,C01882,PayPal,10.45
ORD-11028,2025-11-08,C01883,Credit Card,12.89
ORD-11543,2025-11-08,C01884,Credit Card,18.06
ORD-11674,2025-11-08,C01885,Credit Card,13.46
ORD-11926,2025-11-08,C01886,Credit Card,9.12
ORD-10839,2025-11-09,C01887,PayPal,11.52
ORD-11556,2025-11-09,C01888,Bank Transfer,8.65
ORD-11145,2025-11-10,C01889,Credit Card,10.24
ORD-11348,2025-11-11,C01890,Credit Card,18.0
ORD-11970,2025-11-11,C01891,Credit Card,6.17
ORD-10831,2025-11-12,C01892,PayPal,14.03
ORD-10565,2025-11-13,C01893,PayPal,14.12
ORD-10678,2025-11-13,C01031,Cash on Delivery,7.52
ORD-10758,2025-11-14,C01894,Credit Card,8.16
ORD-11787,2025-11-15,C01895,Cash on Delivery,11.99
ORD-10086,2025-11-17,C01896,Cash on Delivery,25.6
ORD-10682,2025-11-17,C01897,PayPal,12.01
ORD-11102,2025-11-17,C01898,PayPal,10.79
ORD-11407,2025-11-17,C01899,PayPal,12.2
ORD-10303,2025-11-18,C01900,Credit Card,13.63
ORD-10773,2025-11-18,C01901,Credit Card,11.85
ORD-10902,2025-11-18,C01902,Cash on Delivery,9.93
ORD-11222,2025-11-18,C01903,Cash on Delivery,6.47
ORD-10062,2025-11-19,C01904,Credit Card,12.63
ORD-11274,2025-11-19,C01905,Bank Transfer,13.35
ORD-11131,2025-11-20,C01906,Credit Card,7.35
ORD-11367,2025-11-20,C01907,Bank Transfer,12.85
ORD-11896,2025-11-20,C01908,PayPal,10.79
ORD-10749,2025-11-21,C01909,Bank Transfer,25.24
ORD-10414,2025-11-23,C01910,Credit Card,11.23
ORD-10921,2025-11-24,C01911,PayPal,25.42
ORD-11805,2025-11-24,C01912,PayPal,10.08
ORD-10013,2025-11-25,C01913,Credit Card,10.92
ORD-10333,2025-11-26,C01914,PayPal,11.85
ORD-11183,2025-11-26,C01915,Credit Card,16.9
ORD-11710,2025-11-26,C01916,Credit Card,11.16
ORD-10130,2025-11-27,C01917,PayPal,30.16
ORD-10593,2025-11-27,C01918,Cash on Delivery,7.59
ORD-10060,2025-11-28,C01919,Credit Card,13.45
ORD-10190,2025-11-28,C01920,PayPal,8.72
ORD-11163,2025-11-28,C01921,Credit Card,17.67
ORD-10933,2025-11-29,C01922,Bank Transfer,9.67
ORD-11172,2025-11-29,C01923,Cash on Delivery,38.63
ORD-10957,2025-11-30,C01924,PayPal,8.82
ORD-11123,2025-12-01,C01925,Credit Card,10.37
ORD-11889,2025-12-01,C01926,Credit Card,34.81
ORD-10472,2025-12-02,C01927,Credit Card,12.64
ORD-11151,2025-12-02,C01928,Bank Transfer,9.81
ORD-11843,2025-12-02,C01929,PayPal,18.86
ORD-11927,2025-12-02,C01930,PayPal,11.74
ORD-11648,2025-12-03,C01931,PayPal,13.01
ORD-10518,2025-12-04,C01932,Credit Card,27.15
ORD-11251,2025-12-04,C01933,Credit Card,9.35
ORD-10327,2025-12-06,C01934,Credit Card,10.32
ORD-10572,2025-12-06,C01935,Credit Card,10.11
ORD-10864,2025-12-06,C01936,Bank Transfer,12.87
ORD-11604,2025-12-06,C01937,PayPal,5.73
ORD-11933,2025-12-06,C01938,PayPal,16.45
ORD-10276,2025-12-07,C01939,Credit Card,7.99
ORD-10353,2025-12-07,C01940,Cash on Delivery,14.03
ORD-11374,2025-12-07,C01941,Cash on Delivery,9.52
ORD-11779,2025-12-07,C01942,PayPal,10.8
ORD-10352,2025-12-08,C01943,PayPal,15.22
ORD-11596,2025-12-08,C01944,Credit Card,20.67
ORD-10173,2025-12-09,C01945,Credit Card,9.18
ORD-10272,2025-12-09,C01946,Cash on Delivery,13.14
ORD-10888,2025-12-09,C00241,Cash on Delivery,9.42
ORD-11404,2025-12-10,C01947,Credit Card,12.28
ORD-11693,2025-12-10,C01948,Credit Card,13.8
ORD-10922,2025-12-11,C01949,Credit Card,8.18
ORD-10963,2025-12-11,C01950,Credit Card,6.56
ORD-10155,2025-12-12,C01951,PayPal,13.79
ORD-11255,2025-12-14,C01952,Cash on Delivery,16.3
ORD-10096,2025-12-15,C01953,Cash on Delivery,19.91
ORD-10760,2025-12-15,C01954,Bank Transfer,15.04
ORD-11898,2025-12-15,C01955,Cash on Delivery,6.23
ORD-10723,2025-12-16,C01956,Credit Card,14.16
ORD-10943,2025-12-16,C01957,Credit Card,12.49
ORD-11342,2025-12-16,C01958,Cash on Delivery,14.56
ORD-10142,2025-12-17,C01959,Credit Card,8.13
ORD-10186,2025-12-17,C01960,Cash on Delivery,20.77
ORD-11009,2025-12-18,C01961,PayPal,23.7
ORD-11254,2025-12-19,C01962,Bank Transfer,10.13
ORD-11692,2025-12-19,C01963,Cash on Delivery,11.27
ORD-10268,2025-12-21,C01964,Cash on Delivery,8.19
ORD-11168,2025-12-21,C01965,PayPal,6.15
ORD-10378,2025-12-22,C01966,PayPal,10.61
ORD-11034,2025-12-22,C01967,Cash on Delivery,12.49
ORD-10077,2025-12-23,C01968,Bank Transfer,9.93
ORD-10938,2025-12-23,C01969,Bank Transfer,16.49
ORD-11286,2025-12-23,C01970,PayPal,9.31
ORD-11409,2025-12-24,C01971,Credit Card,11.12
ORD-11612,2025-12-24,C01972,Credit Card,16.89
ORD-10577,2025-12-25,C01973,PayPal,13.18
ORD-11570,2025-12-25,C01974,PayPal,15.38
ORD-10592,2025-12-27,C01975,PayPal,6.85
ORD-10419,2025-12-28,C01976,Credit Card,8.9
ORD-10766,2025-12-28,C01977,PayPal,12.16
ORD-10372,2025-12-29,C01978,Bank Transfer,24.46
ORD-10675,2025-12-29,C01979,PayPal,14.99
ORD-10188,2025-12-30,C01980,PayPal,18.46
ORD-11353,2025-12-30,C01981,PayPal,11.07
ORD-11814,2025-12-30,C01982,PayPal,10.23
ORD-10823,2025-12-31,C01983,PayPal,19.1
ORD-10896,2025-12-31,C01984,PayPal,20.94
ORD-11148,2025-12-31,C01985,Bank Transfer,15.19
ORD-11519,2025-12-31,C01986,Credit Card,14.25
ORD-11701,2025-12-31,C01987,Credit Card,36.23
